year,cityid,g_private,reform,reformyear
2004,1,0.0553155,0,2015
2005,1,0.0702152,0,2015
2006,1,0.0494501,0,2015
2007,1,0.0272788,0,2015
2008,1,0.1469519,0,2015
2009,1,0.0697267,0,2015
2010,1,0.0769395,0,2015
2011,1,0.0403774,0,2015
2012,1,0.061846,0,2015
2013,1,0.0683937,0,2015
2014,1,0.2603744,0,2015
2015,1,0.0553155,1,2015
2016,1,0.0553155,1,2015
2017,1,0.0553155,1,2015
2018,1,-0.2630836,1,2015
2004,2,0.0514137,0,2015
2005,2,0.0490925,0,2015
2006,2,0.083631,0,2015
2007,2,0.0809687,0,2015
2008,2,0.0881529,0,2015
2009,2,0.2099953,0,2015
2010,2,-0.0713491,0,2015
2011,2,-0.0901355,0,2015
2012,2,0.2140854,0,2015
2013,2,-0.0665586,0,2015
2014,2,0.0316036,0,2015
2015,2,0.4197973,1,2015
2016,2,0.0312794,1,2015
2017,2,-0.2630836,1,2015
2018,2,0.0023123,1,2015
2004,3,0.04806,0,2015
2005,3,-0.2630836,0,2015
2006,3,0.0914756,0,2015
2007,3,0.1071254,0,2015
2008,3,0.0613624,0,2015
2009,3,0.0672003,0,2015
2010,3,0.0748546,0,2015
2011,3,0.0717567,0,2015
2012,3,0.0700623,0,2015
2013,3,0.121231,0,2015
2014,3,0.0659906,0,2015
2015,3,0.0346922,1,2015
2016,3,0.0500553,1,2015
2017,3,0.0720567,1,2015
2018,3,0.04806,1,2015
2004,4,0.0734729,0,2015
2005,4,-0.088173,0,2015
2006,4,0.0417886,0,2015
2007,4,0.0818275,0,2015
2008,4,-0.072925,0,2015
2009,4,0.054111,0,2015
2010,4,-0.0005499,0,2015
2011,4,0.0346465,0,2015
2012,4,0.0829239,0,2015
2013,4,0.0999602,0,2015
2014,4,0.029005,0,2015
2015,4,0.0657605,1,2015
2016,4,0.3030614,1,2015
2017,4,-0.0362809,1,2015
2018,4,0.4334646,1,2015
2004,5,0.0906405,0,2012
2005,5,0.0999514,0,2012
2006,5,0.1261554,0,2012
2007,5,0.0826761,0,2012
2008,5,0.0454195,0,2012
2009,5,0.0749679,0,2012
2010,5,0.0940365,0,2012
2011,5,0.0468948,0,2012
2012,5,0.0245157,1,2012
2013,5,0.0906405,1,2012
2014,5,0.0906405,1,2012
2015,5,0.0906405,1,2012
2016,5,0.1291685,1,2012
2017,5,0.0906405,1,2012
2018,5,0.182619,1,2012
2004,6,0.0437749,0,2014
2005,6,0.062549,0,2014
2006,6,0.0198871,0,2014
2007,6,0.0187205,0,2014
2008,6,0.0205986,0,2014
2009,6,0.0368808,0,2014
2010,6,0.0697085,0,2014
2011,6,0.0652431,0,2014
2012,6,0.0628831,0,2014
2013,6,-0.0266661,0,2014
2014,6,0.1190123,1,2014
2015,6,0.0315045,1,2014
2016,6,0.0097001,1,2014
2017,6,0.38591,1,2014
2018,6,-0.2630836,1,2014
2004,7,0.0741864,0,2016
2005,7,0.0090269,0,2016
2006,7,0.008364,0,2016
2007,7,0.0865959,0,2016
2008,7,0.0725496,0,2016
2009,7,-0.0167967,0,2016
2010,7,0.0272064,0,2016
2011,7,0.0446081,0,2016
2012,7,-0.0885933,0,2016
2013,7,0.0309608,0,2016
2014,7,0.4364042,0,2016
2015,7,-0.2630836,0,2016
2016,7,0.0465802,1,2016
2017,7,0.5524222,1,2016
2018,7,0.0923645,1,2016
2004,8,0.0873161,0,2015
2005,8,-0.2630836,0,2015
2006,8,0.0789065,0,2015
2007,8,-0.1152051,0,2015
2008,8,0.1794671,0,2015
2009,8,0.2666282,0,2015
2010,8,0.1209193,0,2015
2011,8,0.0740249,0,2015
2012,8,0.1244109,0,2015
2013,8,0.0639869,0,2015
2014,8,0.1895102,0,2015
2015,8,0.3180401,1,2015
2016,8,-0.0235633,1,2015
2017,8,0.0719473,1,2015
2018,8,0.1364355,1,2015
2004,9,0.1002687,0,2013
2005,9,-0.0378204,0,2013
2006,9,-0.257858,0,2013
2007,9,0.6261865,0,2013
2008,9,0.1302601,0,2013
2009,9,-0.0372308,0,2013
2010,9,0.1345159,0,2013
2011,9,-0.2630836,0,2013
2012,9,0.2884356,0,2013
2013,9,0.0792217,1,2013
2014,9,0.3413737,1,2013
2015,9,0.1007984,1,2013
2016,9,0.0865858,1,2013
2017,9,0.0919513,1,2013
2018,9,0.1204251,1,2013
2004,10,0.1475808,0,2014
2005,10,0.4070505,0,2014
2006,10,-0.2630836,0,2014
2007,10,0.3585673,0,2014
2008,10,0.0695675,0,2014
2009,10,0.0119348,0,2014
2010,10,-0.0328152,0,2014
2011,10,0.4295256,0,2014
2012,10,0.3022208,0,2014
2013,10,0.1417833,0,2014
2014,10,0.1167889,1,2014
2015,10,0.0814677,1,2014
2016,10,0.5287566,1,2014
2017,10,-0.2362383,1,2014
2018,10,0.1506058,1,2014
2004,11,0.0869033,0,2015
2005,11,0.125208,0,2015
2006,11,-0.037839,0,2015
2007,11,-0.0157143,0,2015
2008,11,0.0585056,0,2015
2009,11,0.6261865,0,2015
2010,11,-0.1805386,0,2015
2011,11,0.2121135,0,2015
2012,11,-0.0069192,0,2015
2013,11,0.2467319,0,2015
2014,11,0.6261865,0,2015
2015,11,0.044966,1,2015
2016,11,-0.2120937,1,2015
2017,11,-0.0070638,1,2015
2018,11,-0.2630836,1,2015
2004,12,0.15287,0,2014
2005,12,0.0042026,0,2014
2006,12,0.0791353,0,2014
2007,12,0.6261865,0,2014
2008,12,0.1414676,0,2014
2009,12,-0.1418946,0,2014
2010,12,0.1996795,0,2014
2011,12,0.1401836,0,2014
2012,12,0.0798113,0,2014
2013,12,-0.0593062,0,2014
2014,12,0,1,2014
2015,12,0.1242942,1,2014
2016,12,0.1997208,1,2014
2017,12,0.6261865,1,2014
2018,12,0.1205133,1,2014
2004,13,0.1471268,0,2015
2005,13,0.0058304,0,2015
2006,13,0.4300548,0,2015
2007,13,0.319952,0,2015
2008,13,0.6261865,0,2015
2009,13,-0.2433367,0,2015
2010,13,-0.2630836,0,2015
2011,13,0.1165013,0,2015
2012,13,0.0881537,0,2015
2013,13,0.0909643,0,2015
2014,13,0.0402158,0,2015
2015,13,0.1471268,1,2015
2016,13,0.1471268,1,2015
2017,13,0.1471268,1,2015
2018,13,0.4069559,1,2015
2004,14,0.0372095,0,2017
2005,14,0.0392438,0,2017
2006,14,0.2371593,0,2017
2007,14,0.022266,0,2017
2008,14,0.012059,0,2017
2009,14,-0.0033291,0,2017
2010,14,-0.0024742,0,2017
2011,14,-0.0018716,0,2017
2012,14,0.0111939,0,2017
2013,14,0.0434982,0,2017
2014,14,0.0009634,0,2017
2015,14,0.0505962,0,2017
2016,14,0.0372095,0,2017
2017,14,0.0372095,1,2017
2018,14,0.0372095,1,2017
2004,15,0.0995639,0,2017
2005,15,0.0686098,0,2017
2006,15,-0.2630836,0,2017
2007,15,0.1494328,0,2017
2008,15,0.1469373,0,2017
2009,15,0.0406647,0,2017
2010,15,0.3894037,0,2017
2011,15,-0.0731011,0,2017
2012,15,0.3849036,0,2017
2013,15,0.2380185,0,2017
2014,15,0.0679941,0,2017
2015,15,0.1062723,0,2017
2016,15,-0.0176508,0,2017
2017,15,0.0926621,1,2017
2018,15,0.0628306,1,2017
2004,16,0.0888777,0,2014
2005,16,-0.0282892,0,2014
2006,16,-0.0079991,0,2014
2007,16,0.1987722,0,2014
2008,16,0.1055549,0,2014
2009,16,0.1483602,0,2014
2010,16,0.2422172,0,2014
2011,16,0.2725587,0,2014
2012,16,-0.0016417,0,2014
2013,16,0.1235111,0,2014
2014,16,-0.1192957,1,2014
2015,16,0.0439065,1,2014
2016,16,0.0888777,1,2014
2017,16,0.0888777,1,2014
2018,16,0.0888777,1,2014
2004,17,0.0697694,0,2014
2005,17,-0.2185878,0,2014
2006,17,0.165053,0,2014
2007,17,0.4157852,0,2014
2008,17,0.0362356,0,2014
2009,17,0.1836186,0,2014
2010,17,0.1129499,0,2014
2011,17,0.122259,0,2014
2012,17,-0.0164229,0,2014
2013,17,0.0176466,0,2014
2014,17,0.0426231,1,2014
2015,17,0.0305883,1,2014
2016,17,-0.0575745,1,2014
2017,17,0.0415432,1,2014
2018,17,0.1010544,1,2014
2004,18,0.161401,0,2014
2005,18,0.1631639,0,2014
2006,18,0.0514206,0,2014
2007,18,0.3540692,0,2014
2008,18,0.6261865,0,2014
2009,18,0.0130187,0,2014
2010,18,0.2059438,0,2014
2011,18,0.0288797,0,2014
2012,18,-0.2630836,0,2014
2013,18,0.2071973,0,2014
2014,18,0.6261865,1,2014
2015,18,0.0963071,1,2014
2016,18,0.0636734,1,2014
2017,18,0.0667289,1,2014
2018,18,0.0199219,1,2014
2004,19,0.114363,0,2015
2005,19,0.2803599,0,2015
2006,19,0.0567818,0,2015
2007,19,0.1218507,0,2015
2008,19,0.1578154,0,2015
2009,19,0.2056793,0,2015
2010,19,-0.0663093,0,2015
2011,19,0.03711,0,2015
2012,19,0.1892959,0,2015
2013,19,-0.0087822,0,2015
2014,19,0.1724761,0,2015
2015,19,0.1373668,1,2015
2016,19,0.0808399,1,2015
2017,19,0.3261662,1,2015
2018,19,-0.0895682,1,2015
2004,20,0.1141358,0,2015
2005,20,0.1035004,0,2015
2006,20,0.0424813,0,2015
2007,20,0.0022255,0,2015
2008,20,0.3100204,0,2015
2009,20,0.0309498,0,2015
2010,20,0.1072479,0,2015
2011,20,0.0141069,0,2015
2012,20,0.0040331,0,2015
2013,20,0.1189409,0,2015
2014,20,-0.0337079,0,2015
2015,20,0.6261865,1,2015
2016,20,0.1087462,1,2015
2017,20,0.1167746,1,2015
2018,20,0.0463956,1,2015
2004,21,0.0874358,0,2015
2005,21,-0.0060161,0,2015
2006,21,0.0718328,0,2015
2007,21,0.0850227,0,2015
2008,21,0.1626362,0,2015
2009,21,0.1285531,0,2015
2010,21,0.0131355,0,2015
2011,21,0.0008678,0,2015
2012,21,0.001669,0,2015
2013,21,-0.0254418,0,2015
2014,21,0.1680291,0,2015
2015,21,0.6261865,1,2015
2016,21,-0.0320163,1,2015
2017,21,0.1253884,1,2015
2018,21,-0.095746,1,2015
2004,22,0.0909676,0,2014
2005,22,-0.0279617,0,2014
2006,22,0.111541,0,2014
2007,22,0.0144879,0,2014
2008,22,0.1372549,0,2014
2009,22,-0.1087126,0,2014
2010,22,0.1300199,0,2014
2011,22,0.3916564,0,2014
2012,22,0.2485926,0,2014
2013,22,0.1621901,0,2014
2014,22,0.0465185,1,2014
2015,22,-0.047869,1,2014
2016,22,0.0502756,1,2014
2017,22,0.0027864,1,2014
2018,22,0.1627665,1,2014
2004,23,0.0931868,0,2015
2005,23,0.003532,0,2015
2006,23,0.2129725,0,2015
2007,23,0.1235777,0,2015
2008,23,0.0006944,0,2015
2009,23,0.4423827,0,2015
2010,23,0.0735676,0,2015
2011,23,-0.0126882,0,2015
2012,23,-0.0269825,0,2015
2013,23,-0.0723222,0,2015
2014,23,-0.1186441,0,2015
2015,23,-0.1089744,1,2015
2016,23,0.0215827,1,2015
2017,23,0.6261865,1,2015
2018,23,0.1397306,1,2015
2004,24,-0.0388906,0,2015
2005,24,-0.0715209,0,2015
2006,24,0.0007384,0,2015
2007,24,0.0120591,0,2015
2008,24,0.094945,0,2015
2009,24,-0.0002186,0,2015
2010,24,-0.0721047,0,2015
2011,24,0.0253182,0,2015
2012,24,-0.2630836,0,2015
2013,24,-0.0414494,0,2015
2014,24,-0.0388906,0,2015
2015,24,-0.0388906,1,2015
2016,24,-0.0388906,1,2015
2017,24,-0.0388906,1,2015
2018,24,-0.0735895,1,2015
2004,25,0.0891021,0,2013
2005,25,-0.0004581,0,2013
2006,25,0.0181722,0,2013
2007,25,0.073347,0,2013
2008,25,-0.1095188,0,2013
2009,25,0.1938023,0,2013
2010,25,0.203903,0,2013
2011,25,0.3351831,0,2013
2012,25,-0.1390236,0,2013
2013,25,0.3469941,1,2013
2014,25,0.033767,1,2013
2015,25,0.0593742,1,2013
2016,25,0.0235505,1,2013
2017,25,0.0999676,1,2013
2018,25,0.1083694,1,2013
2004,26,0.0835533,0,2013
2005,26,-0.2630836,0,2013
2006,26,0.4590109,0,2013
2007,26,-0.1283327,0,2013
2008,26,-0.2630836,0,2013
2009,26,0.6261865,0,2013
2010,26,0.0169613,0,2013
2011,26,-0.2630836,0,2013
2012,26,0.1255132,0,2013
2013,26,-0.1797573,1,2013
2014,26,0.0889361,1,2013
2015,26,0.2147021,1,2013
2016,26,0.049548,1,2013
2017,26,0.0600426,1,2013
2018,26,0.6261865,1,2013
2004,27,-0.0121774,0,2015
2005,27,0.0580307,0,2015
2006,27,0.0673007,0,2015
2007,27,0.0298283,0,2015
2008,27,-0.2630836,0,2015
2009,27,0.2350361,0,2015
2010,27,0.0506619,0,2015
2011,27,-0.1665803,0,2015
2012,27,-0.0432094,0,2015
2013,27,-0.117187,0,2015
2014,27,0.2570283,0,2015
2015,27,0.0532236,1,2015
2016,27,-0.0562805,1,2015
2017,27,-0.2468978,1,2015
2018,27,-0.0283551,1,2015
2004,28,0.0516828,0,2015
2005,28,-0.146927,0,2015
2006,28,-0.0002985,0,2015
2007,28,0.0810058,0,2015
2008,28,-0.2630836,0,2015
2009,28,0.0168892,0,2015
2010,28,0.4323013,0,2015
2011,28,0.0115537,0,2015
2012,28,-0.1995177,0,2015
2013,28,-0.0391099,0,2015
2014,28,-0.1506257,0,2015
2015,28,0.6261865,1,2015
2016,28,0.2131904,1,2015
2017,28,0.1321904,1,2015
2018,28,0.0098039,1,2015
2004,29,0.0453685,0,2014
2005,29,0.1280099,0,2014
2006,29,-0.0195834,0,2014
2007,29,-0.2630836,0,2014
2008,29,0.2667167,0,2014
2009,29,0.0099991,0,2014
2010,29,-0.0590737,0,2014
2011,29,0.1110325,0,2014
2012,29,-0.0679103,0,2014
2013,29,0.1622562,0,2014
2014,29,0.6261865,1,2014
2015,29,-0.2630836,1,2014
2016,29,-0.0080084,1,2014
2017,29,-0.0422766,1,2014
2018,29,0.0539772,1,2014
2004,30,0.0994126,0,2014
2005,30,0.0012076,0,2014
2006,30,0.1370619,0,2014
2007,30,0.0781159,0,2014
2008,30,-0.1955219,0,2014
2009,30,0.6261865,0,2014
2010,30,-0.1853347,0,2014
2011,30,0.0224508,0,2014
2012,30,-0.2630836,0,2014
2013,30,0.1693974,0,2014
2014,30,0.6261865,1,2014
2015,30,0.0768716,1,2014
2016,30,0.0994126,1,2014
2017,30,0.0994126,1,2014
2018,30,0.0994126,1,2014
2004,31,0.0899442,0,2014
2005,31,0.1730942,0,2014
2006,31,-0.0509232,0,2014
2007,31,0.4301746,0,2014
2008,31,0.1227194,0,2014
2009,31,0.253998,0,2014
2010,31,0.0023611,0,2014
2011,31,0.6261865,0,2014
2012,31,-0.2630836,0,2014
2013,31,-0.0226479,0,2014
2014,31,0.3060078,1,2014
2015,31,-0.1248005,1,2014
2016,31,0.02936,1,2014
2017,31,-0.1027563,1,2014
2018,31,-0.1204711,1,2014
2004,32,0.0213384,0,2016
2005,32,0.1215128,0,2016
2006,32,0.0051149,0,2016
2007,32,-0.2630836,0,2016
2008,32,0.1197187,0,2016
2009,32,0.1917666,0,2016
2010,32,0.0900779,0,2016
2011,32,-0.1172997,0,2016
2012,32,0.3746204,0,2016
2013,32,-0.120555,0,2016
2014,32,-0.1027122,0,2016
2015,32,0.0428955,0,2016
2016,32,-0.0619256,1,2016
2017,32,-0.0164264,1,2016
2018,32,0.0350328,1,2016
2004,33,0.0452702,0,2014
2005,33,0.0113785,0,2014
2006,33,0.0366547,0,2014
2007,33,0.0351956,0,2014
2008,33,-0.2630836,0,2014
2009,33,0.1733601,0,2014
2010,33,0.6261865,0,2014
2011,33,-0.0598514,0,2014
2012,33,0.2145741,0,2014
2013,33,-0.2630836,0,2014
2014,33,0.0384788,1,2014
2015,33,0.070364,1,2014
2016,33,0.0588727,1,2014
2017,33,-0.0498031,1,2014
2018,33,0.0045392,1,2014
2004,34,0.0688758,0,2016
2005,34,-0.2569803,0,2016
2006,34,-0.2487795,0,2016
2007,34,0.0985468,0,2016
2008,34,0.6261865,0,2016
2009,34,0.3362248,0,2016
2010,34,0.1932171,0,2016
2011,34,-0.2630836,0,2016
2012,34,0.0254443,0,2016
2013,34,0.0576647,0,2016
2014,34,0.6261865,0,2016
2015,34,0.0595237,0,2016
2016,34,-0.2569635,1,2016
2017,34,-0.06809,1,2016
2018,34,0.0351645,1,2016
2004,35,0.1284066,0,2013
2005,35,0.2784547,0,2013
2006,35,0.021455,0,2013
2007,35,-0.2025407,0,2013
2008,35,0.0372853,0,2013
2009,35,0.1900613,0,2013
2010,35,0.6261865,0,2013
2011,35,-0.2630836,0,2013
2012,35,0.1430669,0,2013
2013,35,0.0840229,1,2013
2014,35,-0.2630836,1,2013
2015,35,0.4065259,1,2013
2016,35,0.0905301,1,2013
2017,35,0.2455618,1,2013
2018,35,0.4032494,1,2013
2004,36,0.152231,0,2015
2005,36,0.2759941,0,2015
2006,36,0.4845463,0,2015
2007,36,0.1999767,0,2015
2008,36,-0.088719,0,2015
2009,36,0.1402949,0,2015
2010,36,0.3384978,0,2015
2011,36,-0.2630836,0,2015
2012,36,0.1313761,0,2015
2013,36,0.1978196,0,2015
2014,36,0.0626098,0,2015
2015,36,0.0508145,1,2015
2016,36,-0.0251373,1,2015
2017,36,5.81E-05,1,2015
2018,36,0.6261865,1,2015
2004,37,0.0891455,0,2014
2005,37,0.0778986,0,2014
2006,37,-0.2630836,0,2014
2007,37,-0.0862398,0,2014
2008,37,0.0771658,0,2014
2009,37,0.0684935,0,2014
2010,37,0.2048691,0,2014
2011,37,0.2283908,0,2014
2012,37,0.1125387,0,2014
2013,37,0.4760936,0,2014
2014,37,-0.0586161,1,2014
2015,37,0.5805622,1,2014
2016,37,-0.1256393,1,2014
2017,37,-0.0265691,1,2014
2018,37,-0.0178266,1,2014
2004,38,0.1514482,0,2013
2005,38,0.128755,0,2013
2006,38,0.4180026,0,2013
2007,38,-0.2630836,0,2013
2008,38,0.241697,0,2013
2009,38,-0.0001205,0,2013
2010,38,0.1952251,0,2013
2011,38,0.3723554,0,2013
2012,38,-0.043624,0,2013
2013,38,0.256798,1,2013
2014,38,0.0896054,1,2013
2015,38,0.6246453,1,2013
2016,38,-0.2630836,1,2013
2017,38,0.6261865,1,2013
2018,38,-0.2630836,1,2013
2004,39,0.0719762,0,2014
2005,39,-0.0067877,0,2014
2006,39,0.0936202,0,2014
2007,39,0.1412695,0,2014
2008,39,0.2691107,0,2014
2009,39,0.0366421,0,2014
2010,39,0.4709059,0,2014
2011,39,-0.0296361,0,2014
2012,39,0.6261865,0,2014
2013,39,0.1109519,0,2014
2014,39,-0.2521051,1,2014
2015,39,-0.1210611,1,2014
2016,39,-0.0493006,1,2014
2017,39,-0.0664527,1,2014
2018,39,-0.2156773,1,2014
2004,40,0.1060358,0,2017
2005,40,0.6261865,0,2017
2006,40,0.1136871,0,2017
2007,40,0.0537091,0,2017
2008,40,0.0259685,0,2017
2009,40,0.0515634,0,2017
2010,40,-0.0007345,0,2017
2011,40,0.4749787,0,2017
2012,40,0.0347411,0,2017
2013,40,0.0401678,0,2017
2014,40,-0.1228007,0,2017
2015,40,0.4270252,0,2017
2016,40,0.0694959,0,2017
2017,40,-0.0464036,1,2017
2018,40,-0.2630836,1,2017
2004,41,0.0947644,0,2013
2005,41,0.0167716,0,2013
2006,41,0.6128687,0,2013
2007,41,0.0708524,0,2013
2008,41,0.129275,0,2013
2009,41,0.2688716,0,2013
2010,41,-0.2563273,0,2013
2011,41,0.3025333,0,2013
2012,41,0.1546815,0,2013
2013,41,0.1700162,1,2013
2014,41,0.1048244,1,2013
2015,41,0.167475,1,2013
2016,41,-0.1553358,1,2013
2017,41,-0.0585792,1,2013
2018,41,-0.2012256,1,2013
2004,42,0.1858419,0,2013
2005,42,0.1303139,0,2013
2006,42,0.198965,0,2013
2007,42,0.1965896,0,2013
2008,42,0.6261865,0,2013
2009,42,0.6261865,0,2013
2010,42,-0.2630836,0,2013
2011,42,0.3342481,0,2013
2012,42,0.1124092,0,2013
2013,42,-0.0961148,1,2013
2014,42,-0.0828007,1,2013
2015,42,0.1741206,1,2013
2016,42,0.3164494,1,2013
2017,42,0.270694,1,2013
2018,42,0.0576235,1,2013
2004,43,0.1006365,0,2015
2005,43,0.0771374,0,2015
2006,43,0.4096564,0,2015
2007,43,-0.0720266,0,2015
2008,43,0.2064308,0,2015
2009,43,-0.0130587,0,2015
2010,43,0.1096361,0,2015
2011,43,0.1021903,0,2015
2012,43,0.0427171,0,2015
2013,43,0.0615945,0,2015
2014,43,0.0743916,0,2015
2015,43,0.1565606,1,2015
2016,43,0.1048517,1,2015
2017,43,0.3051055,1,2015
2018,43,-0.156275,1,2015
2004,44,0.0736509,0,2016
2005,44,0.0479824,0,2016
2006,44,-0.021562,0,2016
2007,44,0.1188867,0,2016
2008,44,0.0394767,0,2016
2009,44,0.0476551,0,2016
2010,44,0.087271,0,2016
2011,44,0.5133028,0,2016
2012,44,0.2303471,0,2016
2013,44,-0.0016282,0,2016
2014,44,-0.2620345,0,2016
2015,44,0.0298471,0,2016
2016,44,0.0017222,1,2016
2017,44,0.1261957,1,2016
2018,44,0.0736509,1,2016
2004,45,0.1236607,0,2016
2005,45,0.1064487,0,2016
2006,45,0.0634535,0,2016
2007,45,-0.0381757,0,2016
2008,45,-0.0290436,0,2016
2009,45,0.1029948,0,2016
2010,45,0.0832223,0,2016
2011,45,0.0460086,0,2016
2012,45,0.6261865,0,2016
2013,45,-0.2630836,0,2016
2014,45,0.5859161,0,2016
2015,45,0.0899985,0,2016
2016,45,0.1100021,1,2016
2017,45,0.1236607,1,2016
2018,45,0.1236607,1,2016
2004,46,0.1031964,0,2017
2005,46,0.2160985,0,2017
2006,46,0.0862965,0,2017
2007,46,0.0471577,0,2017
2008,46,0.2078895,0,2017
2009,46,-0.0760005,0,2017
2010,46,0.1927726,0,2017
2011,46,0.0474727,0,2017
2012,46,0.1754183,0,2017
2013,46,0.1183416,0,2017
2014,46,0.0795618,0,2017
2015,46,0.301179,0,2017
2016,46,-0.06424,0,2017
2017,46,0.203985,1,2017
2018,46,-0.0911831,1,2017
2004,47,0.1153054,0,2015
2005,47,0.385624,0,2015
2006,47,0.0862965,0,2015
2007,47,0.0471577,0,2015
2008,47,0.2078895,0,2015
2009,47,-0.0760005,0,2015
2010,47,0.1927726,0,2015
2011,47,0.0474727,0,2015
2012,47,0.1754183,0,2015
2013,47,0.1183416,0,2015
2014,47,0.0795618,0,2015
2015,47,0.301179,1,2015
2016,47,-0.06424,1,2015
2017,47,0.203985,1,2015
2018,47,-0.0911831,1,2015
2004,48,0.136857,0,2017
2005,48,0.3135436,0,2017
2006,48,0.185989,0,2017
2007,48,0.1977486,0,2017
2008,48,0.0962087,0,2017
2009,48,0.1728552,0,2017
2010,48,0.1630938,0,2017
2011,48,0.1078286,0,2017
2012,48,0.0540601,0,2017
2013,48,0.1202068,0,2017
2014,48,0.0466336,0,2017
2015,48,0.0256337,0,2017
2016,48,0.1964727,0,2017
2017,48,0.1693941,1,2017
2018,48,0.06633,1,2017
2004,49,0.1098763,0,2013
2005,49,0.2244781,0,2013
2006,49,0.2274329,0,2013
2007,49,0.0471577,0,2013
2008,49,0.2078895,0,2013
2009,49,-0.0760005,0,2013
2010,49,0.1927726,0,2013
2011,49,0.0474727,0,2013
2012,49,0.1754183,0,2013
2013,49,0.1183416,1,2013
2014,49,0.0795618,1,2013
2015,49,0.0732277,1,2013
2016,49,0.078535,1,2013
2017,49,0.0883173,1,2013
2018,49,0.0536637,1,2013
2004,50,0.1031964,0,2014
2005,50,0.2160985,0,2014
2006,50,0.0862965,0,2014
2007,50,0.0471577,0,2014
2008,50,0.2078895,0,2014
2009,50,-0.0760005,0,2014
2010,50,0.1927726,0,2014
2011,50,0.0474727,0,2014
2012,50,0.1754183,0,2014
2013,50,0.1183416,0,2014
2014,50,0.0795618,1,2014
2015,50,0.301179,1,2014
2016,50,-0.06424,1,2014
2017,50,0.203985,1,2014
2018,50,-0.0911831,1,2014
2004,51,0.1389123,0,2016
2005,51,0.2672109,0,2016
2006,51,0.421721,0,2016
2007,51,0.1266035,0,2016
2008,51,0.0344189,0,2016
2009,51,0.0816456,0,2016
2010,51,0.156082,0,2016
2011,51,0.0870611,0,2016
2012,51,0.0394316,0,2016
2013,51,0.2083053,0,2016
2014,51,0.0714473,0,2016
2015,51,0.0434336,0,2016
2016,51,0.1250687,1,2016
2017,51,0.1683323,1,2016
2018,51,0.1140108,1,2016
2004,52,0.1591673,0,2014
2005,52,0.3212954,0,2014
2006,52,0.4150263,0,2014
2007,52,0.2998372,0,2014
2008,52,0.1696938,0,2014
2009,52,0.1619817,0,2014
2010,52,0.0903988,0,2014
2011,52,0.0820069,0,2014
2012,52,0.0673056,0,2014
2013,52,-0.0607991,0,2014
2014,52,0.1215925,1,2014
2015,52,0.0168434,1,2014
2016,52,0.457628,1,2014
2017,52,-0.0136122,1,2014
2018,52,0.0991437,1,2014
2004,53,0.1491995,0,2015
2005,53,0.2366484,0,2015
2006,53,0.5043005,0,2015
2007,53,0.215244,0,2015
2008,53,0.3943254,0,2015
2009,53,0.1262316,0,2015
2010,53,0.0700847,0,2015
2011,53,0.0721827,0,2015
2012,53,-0.0694334,0,2015
2013,53,-0.0311461,0,2015
2014,53,0.1005353,0,2015
2015,53,0.117245,1,2015
2016,53,0.126197,1,2015
2017,53,0.1258949,1,2015
2018,53,0.1004828,1,2015
2004,54,0.1079511,0,2013
2005,54,0.0816879,0,2013
2006,54,0.1120823,0,2013
2007,54,0.3199711,0,2013
2008,54,0.170487,0,2013
2009,54,0.223514,0,2013
2010,54,0.1669828,0,2013
2011,54,-0.0354248,0,2013
2012,54,0.0735735,0,2013
2013,54,0.0294111,1,2013
2014,54,-0.0907645,1,2013
2015,54,0.1187543,1,2013
2016,54,0.1513167,1,2013
2017,54,0.0994458,1,2013
2018,54,0.0902778,1,2013
2004,55,0.11004,0,2015
2005,55,0.1939342,0,2015
2006,55,0.1992818,0,2015
2007,55,0.2712944,0,2015
2008,55,0.1144916,0,2015
2009,55,0.2318323,0,2015
2010,55,0.0747357,0,2015
2011,55,0.0521035,0,2015
2012,55,-0.1086265,0,2015
2013,55,0.2765381,0,2015
2014,55,0.1800778,0,2015
2015,55,0.1489846,1,2015
2016,55,0.0781861,1,2015
2017,55,0.0908106,1,2015
2018,55,-0.2630836,1,2015
2004,56,0.1590704,0,2017
2005,56,0.2143291,0,2017
2006,56,0.1674423,0,2017
2007,56,0.0879572,0,2017
2008,56,0.1807581,0,2017
2009,56,0.1021634,0,2017
2010,56,0.6261865,0,2017
2011,56,0.1316657,0,2017
2012,56,0.0148213,0,2017
2013,56,0.0593687,0,2017
2014,56,-0.0394445,0,2017
2015,56,0.1311559,0,2017
2016,56,0.1582247,0,2017
2017,56,0.1505945,1,2017
2018,56,0.2417628,1,2017
2004,57,0.1319798,0,2013
2005,57,0.3400287,0,2013
2006,57,0.3434424,0,2013
2007,57,0.2115661,0,2013
2008,57,0.1687346,0,2013
2009,57,0.2158369,0,2013
2010,57,0.1249859,0,2013
2011,57,0.099996,0,2013
2012,57,0.0580077,0,2013
2013,57,0.1308122,1,2013
2014,57,0.1176672,1,2013
2015,57,0.1003523,1,2013
2016,57,0.1126585,1,2013
2017,57,0.0867121,1,2013
2018,57,-0.2630836,1,2013
2004,58,0.152277,0,2014
2005,58,0.4676495,0,2014
2006,58,0.4229949,0,2014
2007,58,0.3043575,0,2014
2008,58,0.1340813,0,2014
2009,58,0.1136806,0,2014
2010,58,0.1691438,0,2014
2011,58,0.1174348,0,2014
2012,58,0.088634,0,2014
2013,58,0.2424155,0,2014
2014,58,0.0056076,1,2014
2015,58,0.0390959,1,2014
2016,58,0.2022325,1,2014
2017,58,0.0876334,1,2014
2018,58,-0.2630836,1,2014
2004,59,0.1055163,0,2015
2005,59,0.2160985,0,2015
2006,59,0.0862965,0,2015
2007,59,0.0471577,0,2015
2008,59,0.2078895,0,2015
2009,59,-0.0760005,0,2015
2010,59,0.1927726,0,2015
2011,59,0.0474727,0,2015
2012,59,0.1754183,0,2015
2013,59,0.1183416,0,2015
2014,59,0.0795618,0,2015
2015,59,0.301179,1,2015
2016,59,-0.237195,1,2015
2017,59,0.1236458,1,2015
2018,59,0.1945903,1,2015
2004,60,0.1332535,0,2014
2005,60,-0.1090016,0,2014
2006,60,0.5530843,0,2014
2007,60,0.0890945,0,2014
2008,60,0.243837,0,2014
2009,60,-0.0760005,0,2014
2010,60,0.1927726,0,2014
2011,60,0.0474727,0,2014
2012,60,0.1754183,0,2014
2013,60,0.1183416,0,2014
2014,60,0.0795618,1,2014
2015,60,0.0420895,1,2014
2016,60,0.1234162,1,2014
2017,60,0.2522092,1,2014
2018,60,0.1332535,1,2014
2004,61,0.1175265,0,2014
2005,61,0.019535,0,2014
2006,61,0.0495819,0,2014
2007,61,0.3071169,0,2014
2008,61,0.0038076,0,2014
2009,61,0.2507814,0,2014
2010,61,0.1872715,0,2014
2011,61,0.1042146,0,2014
2012,61,0.1754183,0,2014
2013,61,0.1183416,0,2014
2014,61,0.0795618,1,2014
2015,61,0.301179,1,2014
2016,61,-0.06424,1,2014
2017,61,0.203985,1,2014
2018,61,-0.0911831,1,2014
2004,62,0.1277948,0,2014
2005,62,0.0162244,0,2014
2006,62,0.2256552,0,2014
2007,62,0.0209829,0,2014
2008,62,0.1203657,0,2014
2009,62,0.2206468,0,2014
2010,62,-0.0809004,0,2014
2011,62,0.0645005,0,2014
2012,62,-0.0904328,0,2014
2013,62,0.4708014,0,2014
2014,62,0.1661732,1,2014
2015,62,0.1184436,1,2014
2016,62,0.2028204,1,2014
2017,62,0.2060521,1,2014
2018,62,0.1277948,1,2014
2004,63,0.1962294,0,2015
2005,63,0.0957831,0,2015
2006,63,0.6261865,0,2015
2007,63,0.0436528,0,2015
2008,63,0.495488,0,2015
2009,63,0.0009921,0,2015
2010,63,-0.0064792,0,2015
2011,63,0.1747023,0,2015
2012,63,0.2328092,0,2015
2013,63,-0.0051662,0,2015
2014,63,0.1140073,0,2015
2015,63,0.0548696,1,2015
2016,63,0.0512289,1,2015
2017,63,0.2429504,1,2015
2018,63,0.6261865,1,2015
2004,64,0.1198218,0,2014
2005,64,-0.1259156,0,2014
2006,64,0.1310457,0,2014
2007,64,0.3494156,0,2014
2008,64,0.0835834,0,2014
2009,64,0.0820954,0,2014
2010,64,0.2386331,0,2014
2011,64,0.0033874,0,2014
2012,64,0.1105401,0,2014
2013,64,0.146314,0,2014
2014,64,0.3226131,1,2014
2015,64,0.256464,1,2014
2016,64,0.1086627,1,2014
2017,64,0.0127257,1,2014
2018,64,-0.0420588,1,2014
2004,65,0.1379896,0,2014
2005,65,0.0420089,0,2014
2006,65,0.6171154,0,2014
2007,65,0.1774599,0,2014
2008,65,-0.0275813,0,2014
2009,65,0.0519659,0,2014
2010,65,0.11985,0,2014
2011,65,0.0954532,0,2014
2012,65,0.0878521,0,2014
2013,65,0.1085366,0,2014
2014,65,0.2564558,1,2014
2015,65,0.3541758,1,2014
2016,65,-0.06424,1,2014
2017,65,0.203985,1,2014
2018,65,-0.0911831,1,2014
2004,66,0.0849097,0,2013
2005,66,-0.2630836,0,2013
2006,66,0.1401904,0,2013
2007,66,0.4035337,0,2013
2008,66,0.0779388,0,2013
2009,66,0.0787088,0,2013
2010,66,0.021832,0,2013
2011,66,0.0789203,0,2013
2012,66,0.0213122,0,2013
2013,66,-0.0527774,1,2013
2014,66,0.082039,1,2013
2015,66,0.143838,1,2013
2016,66,0.162209,1,2013
2017,66,0.5341991,1,2013
2018,66,-0.2401249,1,2013
2004,67,0.0831436,0,2014
2005,67,-0.0234045,0,2014
2006,67,-0.2193443,0,2014
2007,67,0.2426203,0,2014
2008,67,0.1096135,0,2014
2009,67,0.1186116,0,2014
2010,67,0.0916128,0,2014
2011,67,0.1057122,0,2014
2012,67,0.0914151,0,2014
2013,67,0.1378737,0,2014
2014,67,0.129248,1,2014
2015,67,0.1673507,1,2014
2016,67,-0.0277956,1,2014
2017,67,0.2353,1,2014
2018,67,0.005197,1,2014
2004,68,0.1136593,0,2014
2005,68,0.007206,0,2014
2006,68,0.0013772,0,2014
2007,68,0.1136593,0,2014
2008,68,0.1136593,0,2014
2009,68,-0.0158328,0,2014
2010,68,0.0910939,0,2014
2011,68,0.0745712,0,2014
2012,68,0.2430406,0,2014
2013,68,0.2610141,0,2014
2014,68,0.2487981,1,2014
2015,68,0.3281986,1,2014
2016,68,0.1404838,1,2014
2017,68,-0.1296982,1,2014
2018,68,0.1136593,1,2014
2004,69,0.0794445,0,2015
2005,69,0.0794445,0,2015
2006,69,0.0794445,0,2015
2007,69,0.0794445,0,2015
2008,69,0.0101754,0,2015
2009,69,0.0374384,0,2015
2010,69,-0.1200121,0,2015
2011,69,0.4609965,0,2015
2012,69,0.0117136,0,2015
2013,69,0.2426521,0,2015
2014,69,0.0053883,0,2015
2015,69,0.3239086,1,2015
2016,69,-0.0088018,1,2015
2017,69,0.170082,1,2015
2018,69,-0.2596518,1,2015
2004,70,0.1251474,0,2013
2005,70,-0.0964404,0,2013
2006,70,-0.0227279,0,2013
2007,70,-0.244979,0,2013
2008,70,0.6261865,0,2013
2009,70,0.0528439,0,2013
2010,70,0.4838963,0,2013
2011,70,0.0059452,0,2013
2012,70,-0.1204932,0,2013
2013,70,0.6261865,1,2013
2014,70,0.1251474,1,2013
2015,70,0.1251474,1,2013
2016,70,0.1583474,1,2013
2017,70,0.009527,1,2013
2018,70,0.0234759,1,2013
2004,71,0.2436514,0,2015
2005,71,0.4993264,0,2015
2006,71,0.1862238,0,2015
2007,71,0.2721051,0,2015
2008,71,0.6261865,0,2015
2009,71,-0.2630836,0,2015
2010,71,0.5339599,0,2015
2011,71,-0.070692,0,2015
2012,71,0.3281953,0,2015
2013,71,-0.1109727,0,2015
2014,71,-0.0700018,0,2015
2015,71,0.366384,1,2015
2016,71,0.2436514,1,2015
2017,71,0.2436514,1,2015
2018,71,0.6261865,1,2015
2004,72,0.1044554,0,2014
2005,72,0.1199414,0,2014
2006,72,0.1243652,0,2014
2007,72,0.2050143,0,2014
2008,72,-0.2630836,0,2014
2009,72,0.3419714,0,2014
2010,72,-0.1726311,0,2014
2011,72,0.1433575,0,2014
2012,72,-0.223985,0,2014
2013,72,0.4275655,0,2014
2014,72,0.3531688,1,2014
2015,72,-0.2220735,1,2014
2016,72,0.482759,1,2014
2017,72,0.2650258,1,2014
2018,72,-0.1190202,1,2014
2004,73,0.1520318,0,2014
2005,73,0.1785247,0,2014
2006,73,0.1691929,0,2014
2007,73,0.1571033,0,2014
2008,73,0.4046375,0,2014
2009,73,0.0226142,0,2014
2010,73,0.1683508,0,2014
2011,73,0.0237369,0,2014
2012,73,0.0032885,0,2014
2013,73,0.6261865,0,2014
2014,73,0.486022,1,2014
2015,73,0.1432545,1,2014
2016,73,0.0123991,1,2014
2017,73,-0.0655419,1,2014
2018,73,-0.2013242,1,2014
2004,74,0.0885546,0,2012
2005,74,0.1582571,0,2012
2006,74,-0.1160915,0,2012
2007,74,0.3670717,0,2012
2008,74,0.1486293,0,2012
2009,74,0.1119128,0,2012
2010,74,0.0281819,0,2012
2011,74,-0.1346683,0,2012
2012,74,0.2322084,1,2012
2013,74,0.1844075,1,2012
2014,74,0.0722622,1,2012
2015,74,0.2485776,1,2012
2016,74,0.0535946,1,2012
2017,74,0.1485043,1,2012
2018,74,-0.2630836,1,2012
2004,75,0.0983721,0,2014
2005,75,-0.249956,0,2014
2006,75,0.1583167,0,2014
2007,75,0.0679842,0,2014
2008,75,0.1224109,0,2014
2009,75,-0.2630836,0,2014
2010,75,0.3809647,0,2014
2011,75,-0.0557897,0,2014
2012,75,0.0881537,0,2014
2013,75,0.1645974,0,2014
2014,75,0.362923,1,2014
2015,75,0.0449374,1,2014
2016,75,0.5367374,1,2014
2017,75,0.2820974,1,2014
2018,75,-0.2630836,1,2014
2004,76,-0.0266842,0,2014
2005,76,-0.0266842,0,2014
2006,76,0.0962209,0,2014
2007,76,-0.0266842,0,2014
2008,76,0.063998,0,2014
2009,76,-0.0266842,0,2014
2010,76,-0.2630836,0,2014
2011,76,-0.1066885,0,2014
2012,76,-0.11822,0,2014
2013,76,0.1767114,0,2014
2014,76,-0.0006609,1,2014
2015,76,-0.0617507,1,2014
2016,76,-0.0266842,1,2014
2017,76,-0.0266842,1,2014
2018,76,-0.0266842,1,2014
2004,77,0.1169442,0,2014
2005,77,0.1193201,0,2014
2006,77,0.0733907,0,2014
2007,77,-0.0787755,0,2014
2008,77,-0.0690496,0,2014
2009,77,-0.0347387,0,2014
2010,77,0.3601719,0,2014
2011,77,0.2371134,0,2014
2012,77,0.1797631,0,2014
2013,77,0.1688349,0,2014
2014,77,0.2742857,1,2014
2015,77,0.0734556,1,2014
2016,77,0.1276527,1,2014
2017,77,0.1269579,1,2014
2018,77,0.0788371,1,2014
2004,78,0.1130052,0,2014
2005,78,0.1533642,0,2014
2006,78,0.1003674,0,2014
2007,78,0.6261865,0,2014
2008,78,0.0525229,0,2014
2009,78,0.0513123,0,2014
2010,78,0.1189221,0,2014
2011,78,0.0210131,0,2014
2012,78,0.0936756,0,2014
2013,78,0.4018211,0,2014
2014,78,0.1314057,1,2014
2015,78,0.0867235,1,2014
2016,78,-0.0989713,1,2014
2017,78,0.0845183,1,2014
2018,78,-0.240788,1,2014
2004,79,0.1726477,0,2015
2005,79,0.6261865,0,2015
2006,79,0.1583027,0,2015
2007,79,-0.2630836,0,2015
2008,79,0.0519124,0,2015
2009,79,-0.0171932,0,2015
2010,79,0.1407555,0,2015
2011,79,0.4167758,0,2015
2012,79,0.0716986,0,2015
2013,79,0.2738295,0,2015
2014,79,0.2555781,0,2015
2015,79,0.5338328,1,2015
2016,79,0.2170503,1,2015
2017,79,0.2145058,1,2015
2018,79,-0.2630836,1,2015
2004,80,0.1594526,0,2014
2005,80,0.1594526,0,2014
2006,80,0.1594526,0,2014
2007,80,0.0769915,0,2014
2008,80,-0.2009556,0,2014
2009,80,0.6261865,0,2014
2010,80,0.2408795,0,2014
2011,80,-0.00156,0,2014
2012,80,-0.0984908,0,2014
2013,80,0.1427265,0,2014
2014,80,0.5944445,1,2014
2015,80,0.583892,1,2014
2016,80,-0.1150036,1,2014
2017,80,0.0191425,1,2014
2018,80,0.045178,1,2014
2004,81,0.065263,0,2015
2005,81,-0.0234842,0,2015
2006,81,0.030885,0,2015
2007,81,-0.2630836,0,2015
2008,81,-0.2140379,0,2015
2009,81,0.0345447,0,2015
2010,81,0.0456532,0,2015
2011,81,0.6261865,0,2015
2012,81,-0.0354331,0,2015
2013,81,0.1306122,0,2015
2014,81,0.0361733,0,2015
2015,81,0,1,2015
2016,81,0,1,2015
2017,81,-0.0805205,1,2015
2018,81,0.6261865,1,2015
2004,82,0.1588558,0,2014
2005,82,-0.2456914,0,2014
2006,82,0.6261865,0,2014
2007,82,-0.0195937,0,2014
2008,82,0.102037,0,2014
2009,82,0.1471935,0,2014
2010,82,0.6261865,0,2014
2011,82,-0.0515313,0,2014
2012,82,0.0798056,0,2014
2013,82,0.1588558,0,2014
2014,82,0.1588558,1,2014
2015,82,-0.2630836,1,2014
2016,82,0.6261865,1,2014
2017,82,-0.0234095,1,2014
2018,82,0.3019831,1,2014
2004,83,0.1267442,0,2015
2005,83,0.1088672,0,2015
2006,83,0.2476345,0,2015
2007,83,0.6261865,0,2015
2008,83,0.1267442,0,2015
2009,83,0.1267442,0,2015
2010,83,0.1267442,0,2015
2011,83,-0.0611202,0,2015
2012,83,-0.1348324,0,2015
2013,83,0.3910481,0,2015
2014,83,0.1080925,0,2015
2015,83,0.1267442,1,2015
2016,83,0.1267442,1,2015
2017,83,0.1179057,1,2015
2018,83,-0.2630836,1,2015
2004,84,0.0768189,0,2014
2005,84,0.0845309,0,2014
2006,84,0.12159,0,2014
2007,84,0.0034746,0,2014
2008,84,0.0009557,0,2014
2009,84,-0.0205759,0,2014
2010,84,0.0768189,0,2014
2011,84,-0.0566357,0,2014
2012,84,0.0768189,0,2014
2013,84,0.0768189,0,2014
2014,84,0.2688206,1,2014
2015,84,0.0075241,1,2014
2016,84,0.3103682,1,2014
2017,84,0.3880386,1,2014
2018,84,-0.2630836,1,2014
2004,85,0.1178287,0,2014
2005,85,0.0993667,0,2014
2006,85,0.2224872,0,2014
2007,85,-0.0345219,0,2014
2008,85,0.0609668,0,2014
2009,85,-0.0145952,0,2014
2010,85,0.1546339,0,2014
2011,85,0.1292223,0,2014
2012,85,0.1622334,0,2014
2013,85,0.0994743,0,2014
2014,85,0.1176551,1,2014
2015,85,0.1654205,1,2014
2016,85,0.1933966,1,2014
2017,85,0.1529951,1,2014
2018,85,0.1408672,1,2014
2004,86,0.2079713,0,2013
2005,86,0.0697321,0,2013
2006,86,0.3632123,0,2013
2007,86,0.268263,0,2013
2008,86,0.2652758,0,2013
2009,86,0.1952247,0,2013
2010,86,-0.2630836,0,2013
2011,86,0.6261865,0,2013
2012,86,0.2108428,0,2013
2013,86,-0.1883127,1,2013
2014,86,0.1068133,1,2013
2015,86,0.6261865,1,2013
2016,86,0.2162476,1,2013
2017,86,0.1760929,1,2013
2018,86,0.2389167,1,2013
2004,87,0.1430786,0,2012
2005,87,0.1759001,0,2012
2006,87,0.3005413,0,2012
2007,87,0.3332541,0,2012
2008,87,-0.1206845,0,2012
2009,87,0.1169692,0,2012
2010,87,0.1871485,0,2012
2011,87,0.0958986,0,2012
2012,87,0.1353819,1,2012
2013,87,0.0917337,1,2012
2014,87,0.1034422,1,2012
2015,87,0.152459,1,2012
2016,87,0.1780932,1,2012
2017,87,0.1354814,1,2012
2018,87,0.117481,1,2012
2004,88,0.1128036,0,2014
2005,88,0.1027009,0,2014
2006,88,-0.2630836,0,2014
2007,88,0.3449555,0,2014
2008,88,0.0830539,0,2014
2009,88,-0.0057037,0,2014
2010,88,0.1406619,0,2014
2011,88,0.2164146,0,2014
2012,88,0.1462449,0,2014
2013,88,0.1721245,0,2014
2014,88,0.0703841,1,2014
2015,88,0.1935012,1,2014
2016,88,0.1384803,1,2014
2017,88,0.1232551,1,2014
2018,88,0.1162616,1,2014
2004,89,0.1393892,0,2014
2005,89,0.1516652,0,2014
2006,89,0.0831271,0,2014
2007,89,-0.2630836,0,2014
2008,89,0.1864875,0,2014
2009,89,0.1459389,0,2014
2010,89,0.2505653,0,2014
2011,89,0.2051355,0,2014
2012,89,0.1474445,0,2014
2013,89,0.1410476,0,2014
2014,89,0.172523,1,2014
2015,89,0.012814,1,2014
2016,89,0.1995918,1,2014
2017,89,0.3608481,1,2014
2018,89,0.1573442,1,2014
2004,90,0.1075747,0,2013
2005,90,-0.0246823,0,2013
2006,90,-0.2385897,0,2013
2007,90,-0.0243321,0,2013
2008,90,0.279515,0,2013
2009,90,0.0272952,0,2013
2010,90,0.3057022,0,2013
2011,90,0.0963153,0,2013
2012,90,0.1315321,0,2013
2013,90,0.1257138,1,2013
2014,90,0.211595,1,2013
2015,90,0.1159214,1,2013
2016,90,0.2019778,1,2013
2017,90,0.1655606,1,2013
2018,90,0.1325221,1,2013
2004,91,0.1176183,0,2012
2005,91,0.0675975,0,2012
2006,91,0.2886082,0,2012
2007,91,0.1164271,0,2012
2008,91,0.15421,0,2012
2009,91,0.1215232,0,2012
2010,91,0.0851684,0,2012
2011,91,0.2275536,0,2012
2012,91,0.111578,1,2012
2013,91,0.1087611,1,2012
2014,91,0.1562266,1,2012
2015,91,0.1988437,1,2012
2016,91,0.2185296,1,2012
2017,91,-0.1598167,1,2012
2018,91,-0.0485538,1,2012
2004,92,0.1625404,0,2014
2005,92,0.0690939,0,2014
2006,92,0.1035361,0,2014
2007,92,0.1378936,0,2014
2008,92,0.1191124,0,2014
2009,92,0.182705,0,2014
2010,92,0.2403425,0,2014
2011,92,0.3242502,0,2014
2012,92,0.2519977,0,2014
2013,92,0.0706066,0,2014
2014,92,0.265284,1,2014
2015,92,0.1187402,1,2014
2016,92,0.342991,1,2014
2017,92,0.1628067,1,2014
2018,92,-0.1137944,1,2014
2004,93,0.1312203,0,2017
2005,93,0.2325407,0,2017
2006,93,0.2859423,0,2017
2007,93,0.0932784,0,2017
2008,93,-0.0975527,0,2017
2009,93,-0.2630836,0,2017
2010,93,0.6261865,0,2017
2011,93,0.1445085,0,2017
2012,93,0.0466612,0,2017
2013,93,-0.0208169,0,2017
2014,93,0.0514904,0,2017
2015,93,0.0378245,0,2017
2016,93,0.0879226,0,2017
2017,93,0.6261865,1,2017
2018,93,-0.0140046,1,2017
2004,94,0.0944941,0,2015
2005,94,0.2257732,0,2015
2006,94,-0.1110177,0,2015
2007,94,0.128666,0,2015
2008,94,0.0888516,0,2015
2009,94,0.1100847,0,2015
2010,94,-0.0423024,0,2015
2011,94,0.404055,0,2015
2012,94,0.0154719,0,2015
2013,94,-0.1782631,0,2015
2014,94,0.1266996,0,2015
2015,94,0,1,2015
2016,94,0.4015359,1,2015
2017,94,-0.0009706,1,2015
2018,94,0.1543338,1,2015
2004,95,0.0966054,0,2015
2005,95,0.2497542,0,2015
2006,95,0.2000667,0,2015
2007,95,0.1188377,0,2015
2008,95,0.0591313,0,2015
2009,95,0.0370788,0,2015
2010,95,0.3638101,0,2015
2011,95,0,0,2015
2012,95,0.1793285,0,2015
2013,95,-0.2630836,0,2015
2014,95,0.1643555,0,2015
2015,95,0.1577916,1,2015
2016,95,-0.0141349,1,2015
2017,95,0.0483114,1,2015
2018,95,0.0512281,1,2015
2004,96,0.1171288,0,2015
2005,96,0.1606348,0,2015
2006,96,0.2793767,0,2015
2007,96,-0.2546344,0,2015
2008,96,0.6261865,0,2015
2009,96,0.0442033,0,2015
2010,96,0.167639,0,2015
2011,96,0.2853106,0,2015
2012,96,0.1173775,0,2015
2013,96,-0.0011964,0,2015
2014,96,-0.1568401,0,2015
2015,96,0.0089817,1,2015
2016,96,0.1334805,1,2015
2017,96,0.0982072,1,2015
2018,96,0.1310761,1,2015
2004,97,0.1220268,0,2016
2005,97,0.2219275,0,2016
2006,97,-0.2630836,0,2016
2007,97,0.3354967,0,2016
2008,97,-0.092532,0,2016
2009,97,0.0577596,0,2016
2010,97,0.1678635,0,2016
2011,97,0.6261865,0,2016
2012,97,-0.1457538,0,2016
2013,97,0.3635941,0,2016
2014,97,0.6261865,0,2016
2015,97,-0.1761073,0,2016
2016,97,0.0431395,1,2016
2017,97,-0.2439684,1,2016
2018,97,0.1876672,1,2016
2004,98,0.1092581,0,2015
2005,98,-0.1343226,0,2015
2006,98,0.1611907,0,2015
2007,98,0.0101244,0,2015
2008,98,0.3775547,0,2015
2009,98,0.0228642,0,2015
2010,98,0.2060264,0,2015
2011,98,0.1308126,0,2015
2012,98,0.0693498,0,2015
2013,98,0.0217582,0,2015
2014,98,0.1704725,0,2015
2015,98,0.0395254,1,2015
2016,98,-0.1700028,1,2015
2017,98,0.4421609,1,2015
2018,98,0.1820991,1,2015
2004,99,0.1342958,0,2016
2005,99,0.0663611,0,2016
2006,99,0.133286,0,2016
2007,99,0.0892873,0,2016
2008,99,0.0618755,0,2016
2009,99,0.1932073,0,2016
2010,99,0.2280222,0,2016
2011,99,-0.2630836,0,2016
2012,99,0.1191187,0,2016
2013,99,0.0805806,0,2016
2014,99,0.1069044,0,2016
2015,99,0.0621668,0,2016
2016,99,-0.249958,1,2016
2017,99,0.6261865,1,2016
2018,99,0.6261865,1,2016
2004,100,0.1165506,0,2016
2005,100,0.0153411,0,2016
2006,100,0.3127604,0,2016
2007,100,0.049849,0,2016
2008,100,0.1007106,0,2016
2009,100,0.0039428,0,2016
2010,100,0.3895525,0,2016
2011,100,-0.2630836,0,2016
2012,100,0.3336785,0,2016
2013,100,0.6261865,0,2016
2014,100,0.1941831,0,2016
2015,100,0.1708503,0,2016
2016,100,-0.0176464,1,2016
2017,100,-0.2630836,1,2016
2018,100,-0.0215332,1,2016
2004,101,0.219029,0,2015
2005,101,0.1171583,0,2015
2006,101,-0.0052056,0,2015
2007,101,0.1182778,0,2015
2008,101,0.1083366,0,2015
2009,101,0.1000469,0,2015
2010,101,0.219029,0,2015
2011,101,0.219029,0,2015
2012,101,-0.1542873,0,2015
2013,101,0.6261865,0,2015
2014,101,0.2896302,0,2015
2015,101,0.2899989,1,2015
2016,101,0.5216122,1,2015
2017,101,-0.0095933,1,2015
2018,101,0.6261865,1,2015
2004,102,0.0900458,0,2017
2005,102,0.1605819,0,2017
2006,102,0.012,0,2017
2007,102,0.3071837,0,2017
2008,102,0.08,0,2017
2009,102,0.0403202,0,2017
2010,102,0.238959,0,2017
2011,102,0.1274717,0,2017
2012,102,0.1049517,0,2017
2013,102,0.2268924,0,2017
2014,102,0.111275,0,2017
2015,102,0.030255,0,2017
2016,102,-0.0319215,0,2017
2017,102,-0.0204767,1,2017
2018,102,-0.1268507,1,2017
2004,103,0.1244673,0,2015
2005,103,-0.2630836,0,2015
2006,103,0.6261865,0,2015
2007,103,0.0420277,0,2015
2008,103,-0.2630836,0,2015
2009,103,0.3517237,0,2015
2010,103,0.1244673,0,2015
2011,103,-0.0962924,0,2015
2012,103,0.1244673,0,2015
2013,103,0.4423868,0,2015
2014,103,-0.0838313,0,2015
2015,103,0.0274399,1,2015
2016,103,0.5412427,1,2015
2017,103,0.0549333,1,2015
2018,103,0.1139577,1,2015
2004,104,0.1260254,0,2014
2005,104,0.5480571,0,2014
2006,104,0.0862965,0,2014
2007,104,0.0101996,0,2014
2008,104,0.25208,0,2014
2009,104,-0.0760005,0,2014
2010,104,0.1927726,0,2014
2011,104,-0.0891285,0,2014
2012,104,0.0443308,0,2014
2013,104,0.2469837,0,2014
2014,104,0.0136737,1,2014
2015,104,0.0733004,1,2014
2016,104,0.1926161,1,2014
2017,104,0.1586531,1,2014
2018,104,0.1105205,1,2014
2004,105,0.1179536,0,2014
2005,105,0.2160985,0,2014
2006,105,0.0862965,0,2014
2007,105,-0.0354539,0,2014
2008,105,0.0654609,0,2014
2009,105,0.1372357,0,2014
2010,105,0.1927726,0,2014
2011,105,-0.0186137,0,2014
2012,105,0.1728442,0,2014
2013,105,0.1962703,0,2014
2014,105,0.0795618,1,2014
2015,105,0.301179,1,2014
2016,105,-0.06424,1,2014
2017,105,0.203985,1,2014
2018,105,0.1179536,1,2014
2004,106,0.0627149,0,2015
2005,106,0.147114,0,2015
2006,106,0.0563145,0,2015
2007,106,0.1210808,0,2015
2008,106,0.0032535,0,2015
2009,106,-0.1381946,0,2015
2010,106,0.0832936,0,2015
2011,106,0.2131131,0,2015
2012,106,0.0582117,0,2015
2013,106,0.2099352,0,2015
2014,106,0.0694932,0,2015
2015,106,0.1224266,1,2015
2016,106,-0.1216898,1,2015
2017,106,0.0332973,1,2015
2018,106,0.0203598,1,2015
2004,107,0.0478829,0,2014
2005,107,0.0477497,0,2014
2006,107,-0.0574644,0,2014
2007,107,-0.0784245,0,2014
2008,107,-0.1741361,0,2014
2009,107,0.1519275,0,2014
2010,107,0.6261865,0,2014
2011,107,0.152894,0,2014
2012,107,0.0491863,0,2014
2013,107,-0.2630836,0,2014
2014,107,0.2333793,1,2014
2015,107,0.034253,1,2014
2016,107,0.0119672,1,2014
2017,107,-0.0584672,1,2014
2018,107,-0.0056065,1,2014
2004,108,0.0677338,0,2014
2005,108,0.103872,0,2014
2006,108,0.0448876,0,2014
2007,108,0.1048984,0,2014
2008,108,0.0465328,0,2014
2009,108,-0.0387777,0,2014
2010,108,0.099049,0,2014
2011,108,0.0564441,0,2014
2012,108,0.1140917,0,2014
2013,108,0.0728767,0,2014
2014,108,0.1838112,1,2014
2015,108,0.0651905,1,2014
2016,108,0.0798135,1,2014
2017,108,0.0219096,1,2014
2018,108,-0.006326,1,2014
2004,109,0.138304,0,2014
2005,109,0.1450062,0,2014
2006,109,0.1024669,0,2014
2007,109,0.1641539,0,2014
2008,109,0.1842607,0,2014
2009,109,0.1617973,0,2014
2010,109,0.1256287,0,2014
2011,109,0.6261865,0,2014
2012,109,-0.2630836,0,2014
2013,109,-0.22825,0,2014
2014,109,0.0138539,1,2014
2015,109,0.6261865,1,2014
2016,109,-0.06424,1,2014
2017,109,0.203985,1,2014
2018,109,0.138304,1,2014
2004,110,0.0760569,0,2015
2005,110,0.3232266,0,2015
2006,110,0.1548199,0,2015
2007,110,0.0715998,0,2015
2008,110,-0.1766786,0,2015
2009,110,0.0108973,0,2015
2010,110,0.1797156,0,2015
2011,110,0.1518208,0,2015
2012,110,0.0200136,0,2015
2013,110,0.1401831,0,2015
2014,110,-0.0455962,0,2015
2015,110,-0.0167503,1,2015
2016,110,0.0261876,1,2015
2017,110,0.1629253,1,2015
2018,110,0.0624321,1,2015
2004,111,0.1757738,0,2017
2005,111,0.2078979,0,2017
2006,111,0.1054643,0,2017
2007,111,0.0819882,0,2017
2008,111,-0.2630836,0,2017
2009,111,0.0973323,0,2017
2010,111,0.4906927,0,2017
2011,111,0.2693733,0,2017
2012,111,0.0556999,0,2017
2013,111,0.2931932,0,2017
2014,111,0.6261865,0,2017
2015,111,0.1660369,0,2017
2016,111,0.0540359,0,2017
2017,111,0.1757738,1,2017
2018,111,0.1002418,1,2017
2004,112,0.0626594,0,2015
2005,112,0.026435,0,2015
2006,112,0.1705051,0,2015
2007,112,0.6238005,0,2015
2008,112,-0.2630836,0,2015
2009,112,-0.0895858,0,2015
2010,112,0.0555732,0,2015
2011,112,0.1551825,0,2015
2012,112,0.0712466,0,2015
2013,112,0.0275304,0,2015
2014,112,0.0110159,0,2015
2015,112,0.0353117,1,2015
2016,112,0.0393522,1,2015
2017,112,-0.0019527,1,2015
2018,112,0.0159003,1,2015
2004,113,0.0963156,0,2016
2005,113,-0.0195277,0,2016
2006,113,0.2711404,0,2016
2007,113,0.6261865,0,2016
2008,113,-0.2630836,0,2016
2009,113,0.2147161,0,2016
2010,113,0.3238568,0,2016
2011,113,0.1055487,0,2016
2012,113,0.1891546,0,2016
2013,113,-0.2630836,0,2016
2014,113,0.2063531,0,2016
2015,113,-0.1401129,0,2016
2016,113,-0.0325716,1,2016
2017,113,0.0332205,1,2016
2018,113,0.0966213,1,2016
2004,114,0.0629828,0,2013
2005,114,0.0775616,0,2013
2006,114,0.1870392,0,2013
2007,114,0.0529961,0,2013
2008,114,-0.2388594,0,2013
2009,114,0.0601918,0,2013
2010,114,0.1747596,0,2013
2011,114,0.0244433,0,2013
2012,114,0.6261865,0,2013
2013,114,0.1807462,1,2013
2014,114,-0.2630836,1,2013
2015,114,-0.0512327,1,2013
2016,114,0.1759192,1,2013
2017,114,-0.1878911,1,2013
2018,114,0.0629828,1,2013
2004,115,0.058437,0,2014
2005,115,0.0946629,0,2014
2006,115,0.0728077,0,2014
2007,115,0.0529506,0,2014
2008,115,-0.2630836,0,2014
2009,115,0.2059291,0,2014
2010,115,0.2197384,0,2014
2011,115,0.0280011,0,2014
2012,115,0.6261865,0,2014
2013,115,0.0596617,0,2014
2014,115,0.1211656,1,2014
2015,115,-0.2630836,1,2014
2016,115,-0.0941354,1,2014
2017,115,0.059081,1,2014
2018,115,-0.1017634,1,2014
2004,116,0.0727428,0,2014
2005,116,-0.2630836,0,2014
2006,116,-0.1200487,0,2014
2007,116,0.1489078,0,2014
2008,116,-0.1313758,0,2014
2009,116,0.260806,0,2014
2010,116,0.2517259,0,2014
2011,116,0.22182,0,2014
2012,116,0.273557,0,2014
2013,116,0.6261865,0,2014
2014,116,-0.2630836,1,2014
2015,116,0.0428581,1,2014
2016,116,0.0106187,1,2014
2017,116,-0.0175276,1,2014
2018,116,-0.0229611,1,2014
2004,117,0.1418803,0,2015
2005,117,0.0414121,0,2015
2006,117,0.1234389,0,2015
2007,117,0.0118839,0,2015
2008,117,0.1674935,0,2015
2009,117,0.2365855,0,2015
2010,117,0.3582661,0,2015
2011,117,0.3660103,0,2015
2012,117,0.1182254,0,2015
2013,117,0.1635044,0,2015
2014,117,0.1927168,0,2015
2015,117,-0.0154452,1,2015
2016,117,0.1689227,1,2015
2017,117,0.0234518,1,2015
2018,117,0.029858,1,2015
2004,118,0.1131588,0,2014
2005,118,0.1557475,0,2014
2006,118,0.2429526,0,2014
2007,118,0.3217283,0,2014
2008,118,-0.1026162,0,2014
2009,118,0.1046175,0,2014
2010,118,0.0738739,0,2014
2011,118,0.0468791,0,2014
2012,118,0.0696831,0,2014
2013,118,-0.2630836,0,2014
2014,118,0.6261865,1,2014
2015,118,0.1148609,1,2014
2016,118,0.0806981,1,2014
2017,118,0.0901828,1,2014
2018,118,0.0225127,1,2014
2004,119,0.1298452,0,2014
2005,119,0.0121043,0,2014
2006,119,0.499356,0,2014
2007,119,-0.2630836,0,2014
2008,119,0.4525271,0,2014
2009,119,-0.1487511,0,2014
2010,119,0.2364963,0,2014
2011,119,0.3916682,0,2014
2012,119,-0.0145757,0,2014
2013,119,-0.0243577,0,2014
2014,119,-0.0612829,1,2014
2015,119,0.1495301,1,2014
2016,119,0.261324,1,2014
2017,119,0.1263317,1,2014
2018,119,0.2005457,1,2014
2004,120,0.130426,0,2014
2005,120,0.1152202,0,2014
2006,120,0.6261865,0,2014
2007,120,0.130426,0,2014
2008,120,0.130426,0,2014
2009,120,-0.2630836,0,2014
2010,120,0.2482012,0,2014
2011,120,0.1488896,0,2014
2012,120,0.0009291,0,2014
2013,120,-0.1382779,0,2014
2014,120,0,1,2014
2015,120,0.6261865,1,2014
2016,120,-0.0781365,1,2014
2017,120,0.2826857,1,2014
2018,120,-0.0036889,1,2014
2004,121,0.1369382,0,2014
2005,121,0.2395352,0,2014
2006,121,0.1469856,0,2014
2007,121,0.191119,0,2014
2008,121,0.00568,0,2014
2009,121,0.1474294,0,2014
2010,121,0.1814371,0,2014
2011,121,0.2542144,0,2014
2012,121,0.1177727,0,2014
2013,121,0.0108608,0,2014
2014,121,0.2249034,1,2014
2015,121,0.1357991,1,2014
2016,121,0.0998453,1,2014
2017,121,0.1040878,1,2014
2018,121,0.0574646,1,2014
2004,122,0.186847,0,2015
2005,122,0.6261865,0,2015
2006,122,0.4680715,0,2015
2007,122,-0.0338895,0,2015
2008,122,-0.0758181,0,2015
2009,122,-0.2630836,0,2015
2010,122,0.0684997,0,2015
2011,122,0.5032115,0,2015
2012,122,-0.0273836,0,2015
2013,122,-0.0620065,0,2015
2014,122,0.0120534,0,2015
2015,122,0.4749345,1,2015
2016,122,0.3549663,1,2015
2017,122,-0.0455464,1,2015
2018,122,0.6156621,1,2015
2004,123,0.1598788,0,2015
2005,123,0.0510458,0,2015
2006,123,0.1598788,0,2015
2007,123,0.6261865,0,2015
2008,123,-0.2241361,0,2015
2009,123,-0.2630836,0,2015
2010,123,0.6261865,0,2015
2011,123,0.1061831,0,2015
2012,123,0.1311364,0,2015
2013,123,-0.2630836,0,2015
2014,123,0.1448124,0,2015
2015,123,0.6261865,1,2015
2016,123,0.1043859,1,2015
2017,123,0.217581,1,2015
2018,123,0.1950238,1,2015
2004,124,0.1421712,0,2014
2005,124,0.0544773,0,2014
2006,124,0.0011547,0,2014
2007,124,0.2068281,0,2014
2008,124,0.0493922,0,2014
2009,124,0.6261865,0,2014
2010,124,0.2345532,0,2014
2011,124,0.2769494,0,2014
2012,124,0.0890546,0,2014
2013,124,-0.040336,0,2014
2014,124,-0.2227827,1,2014
2015,124,0.2728394,1,2014
2016,124,0.2100986,1,2014
2017,124,0.1345117,1,2014
2018,124,0.0974704,1,2014
2004,125,0.209942,0,2014
2005,125,0.2077022,0,2014
2006,125,0.1386222,0,2014
2007,125,0.2149878,0,2014
2008,125,0.284769,0,2014
2009,125,0.1979616,0,2014
2010,125,0.1202803,0,2014
2011,125,0.0995141,0,2014
2012,125,0.1065836,0,2014
2013,125,-0.1403834,0,2014
2014,125,0.4092981,1,2014
2015,125,0.3315347,1,2014
2016,125,0.6261865,1,2014
2017,125,0.0131394,1,2014
2018,125,0.3289916,1,2014
2004,126,0.1152386,0,2014
2005,126,0.1893939,0,2014
2006,126,0.6261865,0,2014
2007,126,0.1144223,0,2014
2008,126,0.1005934,0,2014
2009,126,0.0852238,0,2014
2010,126,0.1184589,0,2014
2011,126,0.0923385,0,2014
2012,126,0.2072037,0,2014
2013,126,-0.2415418,0,2014
2014,126,0.1761009,1,2014
2015,126,0.0880141,1,2014
2016,126,0.0448282,1,2014
2017,126,-0.2630836,1,2014
2018,126,0.2752012,1,2014
2004,127,0.1633257,0,2014
2005,127,0.1556485,0,2014
2006,127,0.1633257,0,2014
2007,127,0.1633257,0,2014
2008,127,0.1633257,0,2014
2009,127,0.1633257,0,2014
2010,127,0.1282185,0,2014
2011,127,0.1099936,0,2014
2012,127,0.3760678,0,2014
2013,127,0.1479995,0,2014
2014,127,0.2189318,1,2014
2015,127,0.142999,1,2014
2016,127,0.1409996,1,2014
2017,127,0.1200896,1,2014
2018,127,0.0923089,1,2014
2004,128,0.1781966,0,2017
2005,128,-0.2630836,0,2017
2006,128,0.6261865,0,2017
2007,128,0.0208508,0,2017
2008,128,0.1781966,0,2017
2009,128,0.3285204,0,2017
2010,128,0.1781966,0,2017
2011,128,-0.1389818,0,2017
2012,128,0.5131749,0,2017
2013,128,0.0575229,0,2017
2014,128,0.2404592,0,2017
2015,128,0.2742602,0,2017
2016,128,0.2558841,0,2017
2017,128,0.2025552,1,2017
2018,128,0.0210102,1,2017
2004,129,0.106711,0,2014
2005,129,0.0999981,0,2014
2006,129,0.0548233,0,2014
2007,129,-0.0033768,0,2014
2008,129,0.276742,0,2014
2009,129,-0.2555,0,2014
2010,129,0.1678635,0,2014
2011,129,0.1165013,0,2014
2012,129,0.1757264,0,2014
2013,129,0.194797,0,2014
2014,129,-0.0065997,1,2014
2015,129,0.6261865,1,2014
2016,129,-0.2630836,1,2014
2017,129,0.2564437,1,2014
2018,129,0.0534321,1,2014
2004,130,0.1383627,0,2014
2005,130,0.0853679,0,2014
2006,130,0.1323493,0,2014
2007,130,0.03629,0,2014
2008,130,0.108003,0,2014
2009,130,0.2423886,0,2014
2010,130,0.218245,0,2014
2011,130,0.1295619,0,2014
2012,130,0.2229333,0,2014
2013,130,0.0108318,0,2014
2014,130,0.0001112,1,2014
2015,130,-0.0025293,1,2014
2016,130,0.445114,1,2014
2017,130,0.1424495,1,2014
2018,130,0.165962,1,2014
2004,131,0.1245978,0,2014
2005,131,0.0801658,0,2014
2006,131,0.6261865,0,2014
2007,131,0.1100087,0,2014
2008,131,-0.1276977,0,2014
2009,131,0,0,2014
2010,131,0.3173361,0,2014
2011,131,0.1225113,0,2014
2012,131,0.060432,0,2014
2013,131,-0.0664494,0,2014
2014,131,0.0111586,1,2014
2015,131,0.1127459,1,2014
2016,131,0.2498033,1,2014
2017,131,0.2214676,1,2014
2018,131,0.0267,1,2014
2004,132,0.1910552,0,2014
2005,132,0.1239275,0,2014
2006,132,0.1751875,0,2014
2007,132,0.0474242,0,2014
2008,132,0.1910552,0,2014
2009,132,0.1910552,0,2014
2010,132,0.6261865,0,2014
2011,132,0.074561,0,2014
2012,132,0.174014,0,2014
2013,132,0.1185699,0,2014
2014,132,0.6261865,1,2014
2015,132,0.0993001,1,2014
2016,132,0.0666895,1,2014
2017,132,0.0751967,1,2014
2018,132,0.0854186,1,2014
2004,133,0.1090726,0,2014
2005,133,-0.034727,0,2014
2006,133,0.1090726,0,2014
2007,133,0.1090726,0,2014
2008,133,0.1090726,0,2014
2009,133,0.3381632,0,2014
2010,133,-0.2630836,0,2014
2011,133,0.4588312,0,2014
2012,133,0.1333368,0,2014
2013,133,-0.0933511,0,2014
2014,133,0.0930851,1,2014
2015,133,-0.0032433,1,2014
2016,133,-0.1354271,1,2014
2017,133,0.2392239,1,2014
2018,133,0.4669904,1,2014
2004,134,0.1335708,0,2014
2005,134,0.6261865,0,2014
2006,134,0.0862832,0,2014
2007,134,0.0369802,0,2014
2008,134,0.1838367,0,2014
2009,134,-0.2427249,0,2014
2010,134,0.6261865,0,2014
2011,134,0.0372359,0,2014
2012,134,-0.1202594,0,2014
2013,134,-0.0085551,0,2014
2014,134,0.0877437,1,2014
2015,134,-0.0173881,1,2014
2016,134,0.0399994,1,2014
2017,134,0.2726532,1,2014
2018,134,0.2618135,1,2014
2004,135,0.1622927,0,2014
2005,135,0.1127414,0,2014
2006,135,0.6261865,0,2014
2007,135,0.0636301,0,2014
2008,135,0.4527929,0,2014
2009,135,-0.0454669,0,2014
2010,135,0.0982178,0,2014
2011,135,0.193418,0,2014
2012,135,-0.0151697,0,2014
2013,135,0.3331854,0,2014
2014,135,-0.2130083,1,2014
2015,135,0.2126862,1,2014
2016,135,-0.2630836,1,2014
2017,135,0.6261865,1,2014
2018,135,0.0897822,1,2014
2004,136,0.1015304,0,2013
2005,136,0.2160985,0,2013
2006,136,0.0862965,0,2013
2007,136,0.0471577,0,2013
2008,136,0.2078895,0,2013
2009,136,-0.0760005,0,2013
2010,136,0.1927726,0,2013
2011,136,0.0474727,0,2013
2012,136,0.1754183,0,2013
2013,136,0.1183416,1,2013
2014,136,0.0795618,1,2013
2015,136,0.2891074,1,2013
2016,136,-0.0554773,1,2013
2017,136,0.0192333,1,2013
2018,136,0.0735539,1,2013
2004,137,0.1055523,0,2014
2005,137,0.0289662,0,2014
2006,137,-0.0200456,0,2014
2007,137,0.0050082,0,2014
2008,137,0.0265869,0,2014
2009,137,0.1934517,0,2014
2010,137,-0.2630836,0,2014
2011,137,0.6261865,0,2014
2012,137,0.0112045,0,2014
2013,137,0.0041551,0,2014
2014,137,-0.0005517,1,2014
2015,137,0.0011041,1,2014
2016,137,-0.0052385,1,2014
2017,137,0.6261865,1,2014
2018,137,0.2438016,1,2014
2004,138,0.0939928,0,2014
2005,138,0.1397256,0,2014
2006,138,-0.0271263,0,2014
2007,138,0.0491268,0,2014
2008,138,0.2448448,0,2014
2009,138,0.1165261,0,2014
2010,138,0,0,2014
2011,138,0.0920014,0,2014
2012,138,0.4375472,0,2014
2013,138,0.2224234,0,2014
2014,138,0.1454606,1,2014
2015,138,-0.0383455,1,2014
2016,138,0.0099995,1,2014
2017,138,-0.2352692,1,2014
2018,138,0.1589846,1,2014
2004,139,0.1626993,0,2013
2005,139,0.3491867,0,2013
2006,139,0.3078669,0,2013
2007,139,0.0165988,0,2013
2008,139,0.0709339,0,2013
2009,139,0.6261865,0,2013
2010,139,0.1235593,0,2013
2011,139,0.2025816,0,2013
2012,139,-0.0164043,0,2013
2013,139,0.6261865,1,2013
2014,139,0.1559125,1,2013
2015,139,-0.0821202,1,2013
2016,139,-0.2630836,1,2013
2017,139,0.0528383,1,2013
2018,139,0.1075472,1,2013
2004,140,0.0031741,0,2013
2005,140,0.0031741,0,2013
2006,140,0.0031741,0,2013
2007,140,0.0031741,0,2013
2008,140,0.0031741,0,2013
2009,140,0.0031741,0,2013
2010,140,0.0031741,0,2013
2011,140,0.0031741,0,2013
2012,140,0.0031741,0,2013
2013,140,0.0740017,1,2013
2014,140,0.0274418,1,2013
2015,140,-0.2630836,1,2013
2016,140,0.0031741,1,2013
2017,140,0.0031741,1,2013
2018,140,0.1743363,1,2013
2004,141,0.0869681,0,2013
2005,141,0.11375,0,2013
2006,141,0.3093902,0,2013
2007,141,0.1469286,0,2013
2008,141,0.1258392,0,2013
2009,141,0.0023123,0,2013
2010,141,0.1121891,0,2013
2011,141,0.0328202,0,2013
2012,141,0.0175654,0,2013
2013,141,-0.0001511,1,2013
2014,141,-0.0457782,1,2013
2015,141,0.074253,1,2013
2016,141,0.0220205,1,2013
2017,141,0.1070723,1,2013
2018,141,0.1993412,1,2013
2004,142,0.0670033,0,2017
2005,142,0.0002725,0,2017
2006,142,-0.011023,0,2017
2007,142,0.0115371,0,2017
2008,142,-0.2630836,0,2017
2009,142,0.0918204,0,2017
2010,142,0.6261865,0,2017
2011,142,0.1279047,0,2017
2012,142,0.1063703,0,2017
2013,142,0.1270905,0,2017
2014,142,0.0045269,0,2017
2015,142,0.0070801,0,2017
2016,142,0.0190079,0,2017
2017,142,0.0199995,1,2017
2018,142,0.070356,1,2017
2004,143,0.0437676,0,2014
2005,143,0.0092976,0,2014
2006,143,0.0089999,0,2014
2007,143,0.0368898,0,2014
2008,143,0.0386003,0,2014
2009,143,0.0447411,0,2014
2010,143,0.078381,0,2014
2011,143,0.0900005,0,2014
2012,143,0.0175989,0,2014
2013,143,0.0732488,0,2014
2014,143,0.0089998,1,2014
2015,143,0.0900001,1,2014
2016,143,0.0284529,1,2014
2017,143,0.0437676,1,2014
2018,143,0.0437676,1,2014
2004,144,0.1404949,0,2015
2005,144,0.0339295,0,2015
2006,144,0.0631207,0,2015
2007,144,0.039582,0,2015
2008,144,0.0346665,0,2015
2009,144,-0.0713758,0,2015
2010,144,0.1416706,0,2015
2011,144,0.3561995,0,2015
2012,144,0.2330057,0,2015
2013,144,0.1894719,0,2015
2014,144,0.3511099,0,2015
2015,144,0.1404949,1,2015
2016,144,0.1404949,1,2015
2017,144,0.1581961,1,2015
2018,144,0.1563617,1,2015
2004,145,0.1103787,0,2015
2005,145,-0.2630836,0,2015
2006,145,0.6261865,0,2015
2007,145,0.2254096,0,2015
2008,145,0.0171466,0,2015
2009,145,0.0170424,0,2015
2010,145,0.0167717,0,2015
2011,145,-0.2630836,0,2015
2012,145,0.1966447,0,2015
2013,145,0.3388897,0,2015
2014,145,0.0446903,0,2015
2015,145,0.0372069,1,2015
2016,145,0.0703704,1,2015
2017,145,0.4279247,1,2015
2018,145,0.0531855,1,2015
2004,146,0.1010194,0,2013
2005,146,0.1968592,0,2013
2006,146,0.1904399,0,2013
2007,146,-0.023325,0,2013
2008,146,0.0859823,0,2013
2009,146,0.122448,0,2013
2010,146,0.2446677,0,2013
2011,146,0.2348019,0,2013
2012,146,-0.159795,0,2013
2013,146,-0.0912047,1,2013
2014,146,0.1277671,1,2013
2015,146,0.1091471,1,2013
2016,146,0.5527012,1,2013
2017,146,-0.2549727,1,2013
2018,146,0.0787545,1,2013
2004,147,0.1848068,0,2013
2005,147,0.003854,0,2013
2006,147,0.0972763,0,2013
2007,147,0.6261865,0,2013
2008,147,0.3106786,0,2013
2009,147,0.6261865,0,2013
2010,147,0.2779435,0,2013
2011,147,0.1999995,0,2013
2012,147,0.0063344,0,2013
2013,147,0.0230687,1,2013
2014,147,0,1,2013
2015,147,0,1,2013
2016,147,-0.2630836,1,2013
2017,147,0.6261865,1,2013
2018,147,0.0526646,1,2013
2004,148,0.133579,0,2014
2005,148,0.0372031,0,2014
2006,148,0.018965,0,2014
2007,148,0.0433164,0,2014
2008,148,0.1781149,0,2014
2009,148,0.0167094,0,2014
2010,148,0.1262387,0,2014
2011,148,0.0994812,0,2014
2012,148,0.1207327,0,2014
2013,148,0.0471768,0,2014
2014,148,0.0558118,1,2014
2015,148,0.1749356,1,2014
2016,148,0.2213326,1,2014
2017,148,0.1887926,1,2014
2018,148,0.5412946,1,2014
2004,149,0.0333883,0,2016
2005,149,0.0100002,0,2016
2006,149,0.0499995,0,2016
2007,149,0.1015357,0,2016
2008,149,-0.2630836,0,2016
2009,149,-0.1167645,0,2016
2010,149,0.042003,0,2016
2011,149,0.6261865,0,2016
2012,149,2.74E-06,0,2016
2013,149,0.019154,0,2016
2014,149,-2.69E-06,0,2016
2015,149,-0.0020118,0,2016
2016,149,-0.0156103,1,2016
2017,149,0.0051456,1,2016
2018,149,0.0108818,1,2016
2004,150,0.0621209,0,2014
2005,150,0.0254591,0,2014
2006,150,0.2894426,0,2014
2007,150,0.0869026,0,2014
2008,150,0.2290169,0,2014
2009,150,0,0,2014
2010,150,0.0207574,0,2014
2011,150,-0.0037796,0,2014
2012,150,0.0130113,0,2014
2013,150,-0.2630836,0,2014
2014,150,0.2019868,1,2014
2015,150,-0.2630836,1,2014
2016,150,0.2941768,1,2014
2017,150,-0.0415381,1,2014
2018,150,0.2804237,1,2014
2004,151,0.1415392,0,2014
2005,151,0.6261865,0,2014
2006,151,-0.0605699,0,2014
2007,151,0.1402818,0,2014
2008,151,0.0479505,0,2014
2009,151,0.1942509,0,2014
2010,151,0.5909548,0,2014
2011,151,-0.1785254,0,2014
2012,151,0.0908061,0,2014
2013,151,0.0866044,0,2014
2014,151,0.2192896,1,2014
2015,151,0.0506306,1,2014
2016,151,0.0344727,1,2014
2017,151,-0.0023223,1,2014
2018,151,0.1415392,1,2014
2004,152,0.0931385,0,2014
2005,152,0.0365575,0,2014
2006,152,-0.1277936,0,2014
2007,152,0.0500016,0,2014
2008,152,0.0796887,0,2014
2009,152,-0.1920563,0,2014
2010,152,0.6261865,0,2014
2011,152,0.4610496,0,2014
2012,152,0.1334955,0,2014
2013,152,0.0585312,0,2014
2014,152,0.0748565,1,2014
2015,152,0.0464693,1,2014
2016,152,0.0464696,1,2014
2017,152,0.0221809,1,2014
2018,152,-0.0116985,1,2014
2004,153,0.0915218,0,2014
2005,153,0.0563073,0,2014
2006,153,0.0024191,0,2014
2007,153,0.0473395,0,2014
2008,153,0.2270698,0,2014
2009,153,0.2584774,0,2014
2010,153,0.1248141,0,2014
2011,153,0.1910098,0,2014
2012,153,0.0490569,0,2014
2013,153,0.0479707,0,2014
2014,153,0.1583755,1,2014
2015,153,0.1508963,1,2014
2016,153,0.0003265,1,2014
2017,153,0.0010443,1,2014
2018,153,-0.0338021,1,2014
2004,154,0.1170102,0,2015
2005,154,-0.0657051,0,2015
2006,154,0.1560778,0,2015
2007,154,0.1795122,0,2015
2008,154,-0.1927755,0,2015
2009,154,0.2579589,0,2015
2010,154,0.1281727,0,2015
2011,154,0.105105,0,2015
2012,154,0.6261865,0,2015
2013,154,0.0014558,0,2015
2014,154,0.2056651,0,2015
2015,154,0.0956172,1,2015
2016,154,0.0390032,1,2015
2017,154,-0.1081305,1,2015
2018,154,0.2099995,1,2015
2004,155,0.1041971,0,2014
2005,155,0.0285135,0,2014
2006,155,0.0575347,0,2014
2007,155,-0.0295664,0,2014
2008,155,0.6261865,0,2014
2009,155,-0.2630836,0,2014
2010,155,0.0309888,0,2014
2011,155,0.1588233,0,2014
2012,155,0.2941871,0,2014
2013,155,0.2723548,0,2014
2014,155,0.2290823,1,2014
2015,155,0.1041971,1,2014
2016,155,0.1041971,1,2014
2017,155,0.1041971,1,2014
2018,155,-0.2588534,1,2014
2004,156,0.0918464,0,2014
2005,156,0.1576346,0,2014
2006,156,0.0604921,0,2014
2007,156,0.0594251,0,2014
2008,156,-0.0787138,0,2014
2009,156,0.0472256,0,2014
2010,156,0.1686306,0,2014
2011,156,-0.0022575,0,2014
2012,156,0.1239071,0,2014
2013,156,0.1136483,0,2014
2014,156,0.1447089,1,2014
2015,156,0.1428865,1,2014
2016,156,0.0866511,1,2014
2017,156,0.1289788,1,2014
2018,156,0.1326314,1,2014
2004,157,0.1241463,0,2013
2005,157,-0.2630836,0,2013
2006,157,0.250004,0,2013
2007,157,0.1937241,0,2013
2008,157,0.0412852,0,2013
2009,157,0.1399745,0,2013
2010,157,0.0988764,0,2013
2011,157,-0.2630836,0,2013
2012,157,0.3406984,0,2013
2013,157,-0.0911664,1,2013
2014,157,0.2347793,1,2013
2015,157,0.1259259,1,2013
2016,157,0.5670108,1,2013
2017,157,-0.2630836,1,2013
2018,157,0.6261865,1,2013
2004,158,0.053998,0,2014
2005,158,-0.0249982,0,2014
2006,158,0.0859963,0,2014
2007,158,-0.1188204,0,2014
2008,158,-0.1742058,0,2014
2009,158,0.6261865,0,2014
2010,158,0.0882521,0,2014
2011,158,0.0531859,0,2014
2012,158,0.0651667,0,2014
2013,158,0.0441246,0,2014
2014,158,0.044208,1,2014
2015,158,-0.2630836,1,2014
2016,158,0.5534759,1,2014
2017,158,-0.2630836,1,2014
2018,158,0.0395674,1,2014
2004,159,0.0823742,0,2014
2005,159,0.6261865,0,2014
2006,159,0.294155,0,2014
2007,159,0.0195589,0,2014
2008,159,0.0040286,0,2014
2009,159,0.0004594,0,2014
2010,159,0.051605,0,2014
2011,159,0.0037287,0,2014
2012,159,-0.160395,0,2014
2013,159,0.0085878,0,2014
2014,159,-0.0072782,1,2014
2015,159,0.0091953,1,2014
2016,159,0.0001815,1,2014
2017,159,0.2208511,1,2014
2018,159,0.0823742,1,2014
2004,160,0.1050174,0,2012
2005,160,0.2160985,0,2012
2006,160,0.0862965,0,2012
2007,160,0.0471577,0,2012
2008,160,0.2078895,0,2012
2009,160,-0.0760005,0,2012
2010,160,0.1927726,0,2012
2011,160,0.0474727,0,2012
2012,160,0.1754183,1,2012
2013,160,0.1183416,1,2012
2014,160,0.1050174,1,2012
2015,160,0.1050174,1,2012
2016,160,-0.06424,1,2012
2017,160,0.203985,1,2012
2018,160,0.1050174,1,2013
2004,161,0.131776,0,2015
2005,161,-0.2630836,0,2015
2006,161,-0.0504975,0,2015
2007,161,0.4505901,0,2015
2008,161,0.4371423,0,2015
2009,161,-0.0034952,0,2015
2010,161,0.4753463,0,2015
2011,161,-0.03598,0,2015
2012,161,0.1331338,0,2015
2013,161,0.6261865,0,2015
2014,161,-0.2630836,0,2015
2015,161,0.4131335,1,2015
2016,161,-0.1944896,1,2015
2017,161,0.0946835,1,2015
2018,161,0.0252774,1,2015
2004,162,0.1031964,0,2012
2005,162,0.2160985,0,2012
2006,162,0.0862965,0,2012
2007,162,0.0471577,0,2012
2008,162,0.2078895,0,2012
2009,162,-0.0760005,0,2012
2010,162,0.1927726,0,2012
2011,162,0.0474727,0,2012
2012,162,0.1754183,1,2012
2013,162,0.1183416,1,2012
2014,162,0.0795618,1,2012
2015,162,0.301179,1,2012
2016,162,-0.06424,1,2012
2017,162,0.203985,1,2012
2018,162,-0.0911831,1,2017
2004,163,0.0223622,0,2012
2005,163,0.1352743,0,2012
2006,163,0.0758128,0,2012
2007,163,0.0268694,0,2012
2008,163,0.00264,0,2012
2009,163,-0.0687466,0,2012
2010,163,0.0545134,0,2012
2011,163,-0.0159946,0,2012
2012,163,-0.073978,1,2012
2013,163,-0.2208133,1,2012
2014,163,0.2157272,1,2012
2015,163,-0.1777663,1,2012
2016,163,0.0640705,1,2012
2017,163,0.0571431,1,2012
2018,163,0.2383197,1,2013
2004,164,0.0554516,0,2015
2005,164,0.0169068,0,2015
2006,164,0.0176315,0,2015
2007,164,0.1318164,0,2015
2008,164,0.0554516,0,2015
2009,164,0.0554516,0,2015
2010,164,0.0554516,0,2015
2011,164,0.0554516,0,2015
2012,164,0.0554516,0,2015
2013,164,0.0554516,0,2015
2014,164,0.0554516,0,2015
2015,164,0.0554516,1,2015
2016,164,0.0554516,1,2015
2017,164,0.0554516,1,2015
2018,164,0.0554516,1,2015
2004,165,0.059448,0,2012
2005,165,0.2160985,0,2012
2006,165,0.0862965,0,2012
2007,165,0.0471577,0,2012
2008,165,0.2078895,0,2012
2009,165,-0.2630836,0,2012
2010,165,0.059448,0,2012
2011,165,0.059448,0,2012
2012,165,0.0366391,1,2012
2013,165,0.091276,1,2012
2014,165,0.2241134,1,2012
2015,165,-0.1026906,1,2012
2016,165,-0.1421472,1,2012
2017,165,0.1980577,1,2012
2018,165,0.1137685,1,2014
2004,166,0.1686865,0,2015
2005,166,0.6235288,0,2015
2006,166,0.0414337,0,2015
2007,166,0.1252979,0,2015
2008,166,0.0725596,0,2015
2009,166,0.0581792,0,2015
2010,166,0.6261865,0,2015
2011,166,0.0530395,0,2015
2012,166,0.2510758,0,2015
2013,166,-0.2630836,0,2015
2014,166,0.1686865,0,2015
2015,166,0.1686865,1,2015
2016,166,0.0630695,1,2015
2017,166,0.1082873,1,2015
2018,166,0.2646638,1,2015
2004,167,0.0921025,0,2015
2005,167,-0.2630836,0,2015
2006,167,0.6261865,0,2015
2007,167,0.3287125,0,2015
2008,167,0.0068877,0,2015
2009,167,0.2257801,0,2015
2010,167,-0.1718451,0,2015
2011,167,0.061998,0,2015
2012,167,-0.093124,0,2015
2013,167,-0.0832268,0,2015
2014,167,0.0921025,0,2015
2015,167,0.0921025,1,2015
2016,167,0.0921025,1,2015
2017,167,0.0921025,1,2015
2018,167,0.28274,1,2015
2004,168,0.0913061,0,2013
2005,168,-0.0049418,0,2013
2006,168,0.6261865,0,2013
2007,168,0.2738531,0,2013
2008,168,-0.0007731,0,2013
2009,168,0.1158659,0,2013
2010,168,-0.1757831,0,2013
2011,168,-0.1109813,0,2013
2012,168,-0.0666103,0,2013
2013,168,0.0700515,1,2013
2014,168,0.0934467,1,2013
2015,168,0.1200008,1,2013
2016,168,0.0913061,1,2013
2017,168,0.0913061,1,2013
2018,168,0.155358,1,2013
2004,169,0.1963651,0,2015
2005,169,-0.0541252,0,2015
2006,169,-0.0608317,0,2015
2007,169,0.3101707,0,2015
2008,169,0.2077468,0,2015
2009,169,0.1963651,0,2015
2010,169,0.1963651,0,2015
2011,169,0.0661066,0,2015
2012,169,0.0271975,0,2015
2013,169,0.0720891,0,2015
2014,169,0.5727461,0,2015
2015,169,0.1963651,1,2015
2016,169,0.1963651,1,2015
2017,169,0.6261865,1,2015
2018,169,0.1963651,1,2015
2004,170,0.1216506,0,2012
2005,170,0.0713267,0,2012
2006,170,0.6261865,0,2012
2007,170,0.4927029,0,2012
2008,170,0.1426009,0,2012
2009,170,0.0045346,0,2012
2010,170,0.1320788,0,2012
2011,170,0.13963,0,2012
2012,170,-0.0162636,1,2012
2013,170,0.006059,1,2012
2014,170,0.0189332,1,2012
2015,170,0.0344446,1,2012
2016,170,0.0083987,1,2012
2017,170,0.0145395,1,2012
2018,170,0.0279366,1,2015
2004,171,0.0707507,0,2014
2005,171,0.6261865,0,2014
2006,171,-0.2630836,0,2014
2007,171,0.0707507,0,2014
2008,171,0.0707507,0,2014
2009,171,0.0559491,0,2014
2010,171,0.0158462,0,2014
2011,171,0.0148917,0,2014
2012,171,-0.0095596,0,2014
2013,171,0.0019037,0,2014
2014,171,0.1247921,1,2014
2015,171,0.0797773,1,2014
2016,171,0.0628101,1,2014
2017,171,0.019497,1,2014
2018,171,0.1199978,1,2014
2004,172,0.1265161,0,2014
2005,172,0.0003533,0,2014
2006,172,-0.2630836,0,2014
2007,172,0.6261865,0,2014
2008,172,0.2516974,0,2014
2009,172,0.0945499,0,2014
2010,172,0.1372918,0,2014
2011,172,0.3198542,0,2014
2012,172,0.0783565,0,2014
2013,172,-0.1733684,0,2014
2014,172,0.1036953,1,2014
2015,172,0.198079,1,2014
2016,172,0.6261865,1,2014
2017,172,-0.2140784,1,2014
2018,172,-0.0144942,1,2014
2004,173,0.0241308,0,2016
2005,173,-0.2630836,0,2016
2006,173,0.1244206,0,2016
2007,173,-0.2579859,0,2016
2008,173,0.2891202,0,2016
2009,173,0.6261865,0,2016
2010,173,0.2156427,0,2016
2011,173,-0.2630836,0,2016
2012,173,-0.0639623,0,2016
2013,173,-0.2630836,0,2016
2014,173,0.0241308,0,2016
2015,173,0.0241308,0,2016
2016,173,0.0690637,1,2016
2017,173,-0.0037253,1,2016
2018,173,0.0800601,1,2016
2004,174,0.0944394,0,2014
2005,174,0.163156,0,2014
2006,174,-0.1622172,0,2014
2007,174,0.2152146,0,2014
2008,174,-0.0685893,0,2014
2009,174,0.3249718,0,2014
2010,174,0.0321974,0,2014
2011,174,-0.1421907,0,2014
2012,174,0.4141905,0,2014
2013,174,-0.095193,0,2014
2014,174,0.28725,1,2014
2015,174,0.0371527,1,2014
2016,174,0.2369725,1,2014
2017,174,-0.02987,1,2014
2018,174,0.1091058,1,2014
2004,175,0.1291499,0,2014
2005,175,0.6149539,0,2014
2006,175,0.1875098,0,2014
2007,175,0.169744,0,2014
2008,175,0.1350933,0,2014
2009,175,0.2351018,0,2014
2010,175,0.0407283,0,2014
2011,175,0.2072796,0,2014
2012,175,0.0397421,0,2014
2013,175,0.0645257,0,2014
2014,175,0.0399175,1,2014
2015,175,-0.2630836,1,2014
2016,175,0.1242106,1,2014
2017,175,0.0391425,1,2014
2018,175,0.1732325,1,2014
2004,176,0.1851288,0,2012
2005,176,0.3471316,0,2012
2006,176,0.6261865,0,2012
2007,176,0.3659238,0,2012
2008,176,0.2302359,0,2012
2009,176,-0.0194101,0,2012
2010,176,-0.009208,0,2012
2011,176,0.0440273,0,2012
2012,176,0.0634901,1,2012
2013,176,0.0778245,1,2012
2014,176,0.1908532,1,2012
2015,176,0.6261865,1,2012
2016,176,-0.06424,1,2012
2017,176,0.203985,1,2012
2018,176,-0.0911831,1,2015
2004,177,0.0332828,0,2013
2005,177,0.2160985,0,2013
2006,177,0.0448918,0,2013
2007,177,0.0886523,0,2013
2008,177,0.1798276,0,2013
2009,177,-0.1202842,0,2013
2010,177,0.0387304,0,2013
2011,177,0.0017902,0,2013
2012,177,-0.0061932,0,2013
2013,177,-0.0009336,1,2013
2014,177,0.0297802,1,2013
2015,177,-0.0111836,1,2013
2016,177,0.010993,1,2013
2017,177,0.0042514,1,2013
2018,177,-0.0104618,1,2013
2004,178,0.1168485,0,2014
2005,178,0.6261865,0,2014
2006,178,-0.1061398,0,2014
2007,178,-0.2010733,0,2014
2008,178,-0.0241454,0,2014
2009,178,0.0224062,0,2014
2010,178,0.6261865,0,2014
2011,178,-0.0044806,0,2014
2012,178,0.063061,0,2014
2013,178,0.0686393,0,2014
2014,178,0.1009672,1,2014
2015,178,-0.2630836,1,2014
2016,178,0.6261865,1,2014
2017,178,-0.2630836,1,2014
2018,178,0.3642514,1,2014
2004,179,0.0894894,0,2014
2005,179,0.0894894,0,2014
2006,179,0.0894894,0,2014
2007,179,-0.2630836,0,2014
2008,179,0.6261865,0,2014
2009,179,0.0689512,0,2014
2010,179,0.1304006,0,2014
2011,179,0.03497,0,2014
2012,179,-0.0023424,0,2014
2013,179,0.0894894,0,2014
2014,179,0.0894894,1,2014
2015,179,0.3770413,1,2014
2016,179,0.0084162,1,2014
2017,179,0.1774374,1,2014
2018,179,-0.2630836,1,2014
2004,180,0.0611727,0,2013
2005,180,0.5217525,0,2013
2006,180,0,0,2013
2007,180,0.0611727,0,2013
2008,180,0.0611727,0,2013
2009,180,0.0294535,0,2013
2010,180,0.0466586,0,2013
2011,180,0.0073899,0,2013
2012,180,-0.0493339,0,2013
2013,180,-0.2630836,1,2013
2014,180,0.111312,1,2013
2015,180,0.0051783,1,2013
2016,180,0.0224281,1,2013
2017,180,0.5654002,1,2013
2018,180,-0.2630836,1,2013
2004,181,0.2238368,0,2014
2005,181,0.4638679,0,2014
2006,181,0.2520611,0,2014
2007,181,-0.0918501,0,2014
2008,181,0.6261865,0,2014
2009,181,0.3602945,0,2014
2010,181,0.179097,0,2014
2011,181,0.1721461,0,2014
2012,181,-0.2630836,0,2014
2013,181,0.4727863,0,2014
2014,181,0.1808584,1,2014
2015,181,0.3196979,1,2014
2016,181,0.2729194,1,2014
2017,181,0.1859993,1,2014
2018,181,0.0027341,1,2014
2004,182,0.1061021,0,2015
2005,182,-0.009633,0,2015
2006,182,0.2043907,0,2015
2007,182,0.1419724,0,2015
2008,182,0.1317209,0,2015
2009,182,0.1458624,0,2015
2010,182,0.1479879,0,2015
2011,182,0.1428038,0,2015
2012,182,0.0837771,0,2015
2013,182,0.1419833,0,2015
2014,182,0.1293818,0,2015
2015,182,0.1058846,1,2015
2016,182,0.0411297,1,2015
2017,182,0.0396558,1,2015
2018,182,0.0385126,1,2015
2004,183,0.1441237,0,2014
2005,183,0.3981395,0,2014
2006,183,0.1416888,0,2014
2007,183,0.1171406,0,2014
2008,183,0.2397234,0,2014
2009,183,0.6261865,0,2014
2010,183,-0.2406892,0,2014
2011,183,0.0952298,0,2014
2012,183,-0.2630836,0,2014
2013,183,0.6261865,0,2014
2014,183,0.005608,1,2014
2015,183,0.1852501,1,2014
2016,183,0.124349,1,2014
2017,183,-0.2630836,1,2014
2018,183,0.2250859,1,2014
2004,184,0.1137877,0,2015
2005,184,0.2137837,0,2015
2006,184,0.077111,0,2015
2007,184,-0.2241369,0,2015
2008,184,0.6261865,0,2015
2009,184,0.0824388,0,2015
2010,184,0.1212002,0,2015
2011,184,-0.1495349,0,2015
2012,184,0.1756461,0,2015
2013,184,-0.118326,0,2015
2014,184,0.0982085,0,2015
2015,184,0.2917557,1,2015
2016,184,0.0249968,1,2015
2017,184,0.1555366,1,2015
2018,184,0.218162,1,2015
2004,185,0.2004828,0,2014
2005,185,0.2004828,0,2014
2006,185,0.6261865,0,2014
2007,185,0,0,2014
2008,185,0,0,2014
2009,185,-0.2630836,0,2014
2010,185,0.3141503,0,2014
2011,185,0.4115964,0,2014
2012,185,0.1366356,0,2014
2013,185,0.4652539,0,2014
2014,185,0.1146493,1,2014
2015,185,0.285689,1,2014
2016,185,-0.0015304,1,2014
2017,185,0.3559261,1,2014
2018,185,0.1608029,1,2014
2004,186,0.1017613,0,2016
2005,186,0.0544773,0,2016
2006,186,0.0011547,0,2016
2007,186,0.2068281,0,2016
2008,186,0.0493922,0,2016
2009,186,0.0577596,0,2016
2010,186,0.2641594,0,2016
2011,186,0.1425536,0,2016
2012,186,0.1427345,0,2016
2013,186,-0.0451235,0,2016
2014,186,0.2701616,0,2016
2015,186,0.1097214,0,2016
2016,186,-0.1187793,1,2016
2017,186,0.0914225,1,2016
2018,186,0.1981962,1,2016
2004,187,0.0609321,0,2015
2005,187,0.0609321,0,2015
2006,187,0.0609321,0,2015
2007,187,0.0609321,0,2015
2008,187,0.1076978,0,2015
2009,187,0.1081879,0,2015
2010,187,0.2246342,0,2015
2011,187,-0.2630836,0,2015
2012,187,-0.0440067,0,2015
2013,187,0.0742458,0,2015
2014,187,-0.2630836,0,2015
2015,187,-0.1367663,1,2015
2016,187,0.1291685,1,2015
2017,187,0.1070723,1,2015
2018,187,0.6261865,1,2015
2004,188,0.122348,0,2012
2005,188,-0.2630836,0,2012
2006,188,-0.004015,0,2012
2007,188,0.5576593,0,2012
2008,188,-0.2630836,0,2012
2009,188,0.3794969,0,2012
2010,188,0.0700681,0,2012
2011,188,-0.2295669,0,2012
2012,188,0.6261865,1,2012
2013,188,0.1241945,1,2012
2014,188,-0.1751903,1,2012
2015,188,0.098855,1,2012
2016,188,-0.0080201,1,2012
2017,188,0.6261865,1,2012
2018,188,0.1731852,1,2012
2004,189,0.097688,0,2017
2005,189,0.1037889,0,2017
2006,189,0.112207,0,2017
2007,189,0.1188837,0,2017
2008,189,0.1284715,0,2017
2009,189,0.6261865,0,2017
2010,189,-0.2630836,0,2017
2011,189,0.097688,0,2017
2012,189,0.097688,0,2017
2013,189,-0.020484,0,2017
2014,189,-0.2630836,0,2017
2015,189,0.1316221,0,2017
2016,189,0.134645,0,2017
2017,189,-0.2630836,1,2017
2018,189,0.6261865,1,2017
2004,190,0.0695489,0,2017
2005,190,0.1131847,0,2017
2006,190,0.0501174,0,2017
2007,190,0.0433389,0,2017
2008,190,0.0480619,0,2017
2009,190,0.084282,0,2017
2010,190,0.0357128,0,2017
2011,190,-0.2630836,0,2017
2012,190,0.0881537,0,2017
2013,190,0.2426361,0,2017
2014,190,0.0695489,0,2017
2015,190,0.0695489,0,2017
2016,190,-0.2630836,0,2017
2017,190,0.4509514,1,2017
2018,190,0.2043147,1,2017
2004,191,0.1098487,0,2014
2005,191,0.1721886,0,2014
2006,191,0.0818381,0,2014
2007,191,-0.0539356,0,2014
2008,191,0.5509622,0,2014
2009,191,0.0499026,0,2014
2010,191,0.1392596,0,2014
2011,191,0.0174245,0,2014
2012,191,-0.0881073,0,2014
2013,191,0.0064705,0,2014
2014,191,0.1219747,1,2014
2015,191,0.0369826,1,2014
2016,191,0.1215714,1,2014
2017,191,0.2252264,1,2014
2018,191,0.1561233,1,2014
2004,192,0.088707,0,2015
2005,192,0.081851,0,2015
2006,192,-0.2630836,0,2015
2007,192,0.178651,0,2015
2008,192,0.1621665,0,2015
2009,192,0.1111794,0,2015
2010,192,0.1419224,0,2015
2011,192,0.0352096,0,2015
2012,192,0.1125758,0,2015
2013,192,0.0255674,0,2015
2014,192,0.1682366,0,2015
2015,192,0.1565834,1,2015
2016,192,0.1570746,1,2015
2017,192,0.0548663,1,2015
2018,192,0.1190976,1,2015
2004,193,0.0892682,0,2015
2005,193,0.0732792,0,2015
2006,193,-0.0625964,0,2015
2007,193,-0.0165518,0,2015
2008,193,0.1170669,0,2015
2009,193,0.1467615,0,2015
2010,193,0.1473473,0,2015
2011,193,0.1160402,0,2015
2012,193,0.1208704,0,2015
2013,193,0.2463599,0,2015
2014,193,0.0837185,0,2015
2015,193,0.0855934,1,2015
2016,193,-0.0518784,1,2015
2017,193,0.1119699,1,2015
2018,193,0.1317744,1,2015
2004,194,0.1354478,0,2014
2005,194,0.0544773,0,2014
2006,194,0.0011547,0,2014
2007,194,0.3976932,0,2014
2008,194,-0.0016009,0,2014
2009,194,0.0811168,0,2014
2010,194,0.1417737,0,2014
2011,194,0.0875161,0,2014
2012,194,0.0650067,0,2014
2013,194,0.1396064,0,2014
2014,194,0.6261865,1,2014
2015,194,0.0866211,1,2014
2016,194,-0.0378803,1,2014
2017,194,0.1034458,1,2014
2018,194,0.1511525,1,2014
2004,195,0.103134,0,2012
2005,195,0.2160985,0,2012
2006,195,0.0862965,0,2012
2007,195,0.0471577,0,2012
2008,195,0.2078895,0,2012
2009,195,-0.0760005,0,2012
2010,195,0.1927726,0,2012
2011,195,0.0474727,0,2012
2012,195,0.1754183,1,2012
2013,195,0.1183416,1,2012
2014,195,0.0795618,1,2012
2015,195,0.2980482,1,2012
2016,195,-0.061983,1,2012
2017,195,0.203985,1,2012
2018,195,-0.0911831,1,2012
2004,196,0.0650453,0,2013
2005,196,-0.2044728,0,2013
2006,196,0.0829987,0,2013
2007,196,0.0679852,0,2013
2008,196,0.0740741,0,2013
2009,196,-0.0150862,0,2013
2010,196,0.1805252,0,2013
2011,196,0.6261865,0,2013
2012,196,0.0104671,0,2013
2013,196,0.0245321,1,2013
2014,196,-0.0837136,1,2013
2015,196,-0.1963099,1,2013
2016,196,0.2760618,1,2013
2017,196,0.0221428,1,2013
2018,196,0.0452432,1,2013
2004,197,0.142363,0,2014
2005,197,-0.0047481,0,2014
2006,197,0.0156429,0,2014
2007,197,-0.0044523,0,2014
2008,197,0.2814927,0,2014
2009,197,0.1457387,0,2014
2010,197,0.2105559,0,2014
2011,197,0.4272996,0,2014
2012,197,-0.1801082,0,2014
2013,197,0.1590169,0,2014
2014,197,0.5240479,1,2014
2015,197,0.1,1,2014
2016,197,0.1444459,1,2014
2017,197,0.1008714,1,2014
2018,197,0.0732786,1,2014
2004,198,0.1005989,0,2015
2005,198,0.0462848,0,2015
2006,198,-0.0244728,0,2015
2007,198,0.3190889,0,2015
2008,198,-0.0858162,0,2015
2009,198,0.0647776,0,2015
2010,198,-0.000768,0,2015
2011,198,-0.2630836,0,2015
2012,198,0.6261865,0,2015
2013,198,-0.0304048,0,2015
2014,198,0.0697576,0,2015
2015,198,0.3991534,1,2015
2016,198,0.0727,1,2015
2017,198,0.1170683,1,2015
2018,198,0.0979126,1,2015
2004,199,0.1241733,0,2015
2005,199,0.124979,0,2015
2006,199,0.0100995,0,2015
2007,199,0.1765421,0,2015
2008,199,0.6261865,0,2015
2009,199,-0.2630836,0,2015
2010,199,0.6261865,0,2015
2011,199,-0.2630836,0,2015
2012,199,0.2312884,0,2015
2013,199,0.0585413,0,2015
2014,199,-0.0144473,0,2015
2015,199,0.1241733,1,2015
2016,199,0.1241733,1,2015
2017,199,0.0526976,1,2015
2018,199,0.1241733,1,2015
2004,200,0.117002,0,2016
2005,200,0.1099176,0,2016
2006,200,0.1250065,0,2016
2007,200,0.0001376,0,2016
2008,200,0.6148394,0,2016
2009,200,0.3625847,0,2016
2010,200,0.0685044,0,2016
2011,200,0.1799819,0,2016
2012,200,-0.0652463,0,2016
2013,200,0.0495335,0,2016
2014,200,0.0577253,0,2016
2015,200,0.0544236,0,2016
2016,200,-0.1741376,1,2016
2017,200,0.0384264,1,2016
2018,200,0.2163304,1,2016
2004,201,0.100396,0,2014
2005,201,-0.0894737,0,2014
2006,201,0.0544944,0,2014
2007,201,0.6261865,0,2014
2008,201,-0.1502599,0,2014
2009,201,0.1350264,0,2014
2010,201,0.1387794,0,2014
2011,201,-0.068249,0,2014
2012,201,0.0748974,0,2014
2013,201,0.0043839,0,2014
2014,201,0.2190806,1,2014
2015,201,0.023399,1,2014
2016,201,-0.0539804,1,2014
2017,201,0.32676,1,2014
2018,201,0.1644996,1,2014
2004,202,0.1233826,0,2013
2005,202,0.0929465,0,2013
2006,202,0.1933198,0,2013
2007,202,0.2743189,0,2013
2008,202,-0.181486,0,2013
2009,202,0.053732,0,2013
2010,202,0.0380743,0,2013
2011,202,0.6261865,0,2013
2012,202,-0.1108502,0,2013
2013,202,0.0329559,1,2013
2014,202,0.6261865,1,2013
2015,202,0.0108331,1,2013
2016,202,0.0753425,1,2013
2017,202,-0.1275865,1,2013
2018,202,0.1233826,1,2013
2004,203,0.0782553,0,2015
2005,203,0.6261865,0,2015
2006,203,0.0499986,0,2015
2007,203,0.0178049,0,2015
2008,203,0.0010113,0,2015
2009,203,-0.2630836,0,2015
2010,203,-0.018254,0,2015
2011,203,-0.2324859,0,2015
2012,203,0.3455639,0,2015
2013,203,-0.0783876,0,2015
2014,203,0.1723832,0,2015
2015,203,0.0845576,1,2015
2016,203,-0.0258849,1,2015
2017,203,0.4585043,1,2015
2018,203,-0.0423396,1,2015
2004,204,0.1519897,0,2015
2005,204,0.0497182,0,2015
2006,204,0.3678333,0,2015
2007,204,0.1613719,0,2015
2008,204,0.0678144,0,2015
2009,204,0.6261865,0,2015
2010,204,-0.2630836,0,2015
2011,204,0.1363321,0,2015
2012,204,0.6261865,0,2015
2013,204,0.1573428,0,2015
2014,204,-0.1099918,0,2015
2015,204,0.1519897,1,2015
2016,204,0.0041664,1,2015
2017,204,0.1519897,1,2015
2018,204,0,1,2015
2004,205,0.1152007,0,2014
2005,205,-0.2630836,0,2014
2006,205,0.3214581,0,2014
2007,205,0.6261865,0,2014
2008,205,-0.1384645,0,2014
2009,205,0.3198753,0,2014
2010,205,-0.2630836,0,2014
2011,205,0.6261865,0,2014
2012,205,0.1455162,0,2014
2013,205,0.1034355,0,2014
2014,205,-0.1026338,1,2014
2015,205,0.1389752,1,2014
2016,205,-0.0821849,1,2014
2017,205,-0.223611,1,2014
2018,205,0.4042383,1,2014
2004,206,0.214761,0,2015
2005,206,0.0426661,0,2015
2006,206,0.2960597,0,2015
2007,206,0.1187105,0,2015
2008,206,0.2967601,0,2015
2009,206,-0.0492849,0,2015
2010,206,0.0810641,0,2015
2011,206,-0.1218736,0,2015
2012,206,0.0307711,0,2015
2013,206,0.6261865,0,2015
2014,206,0.0036996,0,2015
2015,206,0.6261865,1,2015
2016,206,0.214761,1,2015
2017,206,0.214761,1,2015
2018,206,0.6261865,1,2015
2004,207,0.1415997,0,2017
2005,207,0.15,0,2017
2006,207,0.6261865,0,2017
2007,207,0.0499988,0,2017
2008,207,0.0351896,0,2017
2009,207,-0.0059966,0,2017
2010,207,0.057941,0,2017
2011,207,0.6261865,0,2017
2012,207,-0.0545612,0,2017
2013,207,-0.1265196,0,2017
2014,207,0.5790071,0,2017
2015,207,-0.0751452,0,2017
2016,207,0.0600001,0,2017
2017,207,0.035176,1,2017
2018,207,0.0249324,1,2017
2004,208,0.0922641,0,2014
2005,208,-0.1490345,0,2014
2006,208,0.2649155,0,2014
2007,208,0.0288836,0,2014
2008,208,0.1456297,0,2014
2009,208,0.0432129,0,2014
2010,208,0.0540885,0,2014
2011,208,0.0145041,0,2014
2012,208,0.6261865,0,2014
2013,208,-0.2630836,0,2014
2014,208,0.0402158,1,2014
2015,208,0.0505962,1,2014
2016,208,0.1291685,1,2014
2017,208,0.1070723,1,2014
2018,208,0.1993412,1,2014
2004,209,0.1281132,0,2015
2005,209,0.3817061,0,2015
2006,209,0.2794473,0,2015
2007,209,0.0926411,0,2015
2008,209,0.177213,0,2015
2009,209,0.0540199,0,2015
2010,209,-0.0151498,0,2015
2011,209,0.1664156,0,2015
2012,209,-0.0128697,0,2015
2013,209,0.1704823,0,2015
2014,209,0.045029,0,2015
2015,209,0.1639672,1,2015
2016,209,-0.0631813,1,2015
2017,209,-0.1750116,1,2015
2018,209,0.5288758,1,2015
2004,210,0.0593708,0,2015
2005,210,-0.2630836,0,2015
2006,210,0.116174,0,2015
2007,210,0.1070603,0,2015
2008,210,0.0558165,0,2015
2009,210,0.0088449,0,2015
2010,210,0.6249604,0,2015
2011,210,0.0593708,0,2015
2012,210,0.0593708,0,2015
2013,210,0.1315544,0,2015
2014,210,0.0032948,0,2015
2015,210,-0.0456714,1,2015
2016,210,-0.1408096,1,2015
2017,210,0.3331873,1,2015
2018,210,-0.2188787,1,2015
2004,211,0.1252265,0,2015
2005,211,-0.1664633,0,2015
2006,211,-0.0106489,0,2015
2007,211,-0.0347931,0,2015
2008,211,0.6261865,0,2015
2009,211,0.1454225,0,2015
2010,211,-0.2630836,0,2015
2011,211,0.4714274,0,2015
2012,211,0.1252265,0,2015
2013,211,0.1252265,0,2015
2014,211,0.2146681,0,2015
2015,211,0.0358217,1,2015
2016,211,0.6261865,1,2015
2017,211,0.1210777,1,2015
2018,211,-0.2630836,1,2015
2004,212,0.0427995,0,2014
2005,212,-0.1636823,0,2014
2006,212,0.202922,0,2014
2007,212,0.013206,0,2014
2008,212,-0.0467402,0,2014
2009,212,0.198776,0,2014
2010,212,0.00066,0,2014
2011,212,0.0427995,0,2014
2012,212,0.0881537,0,2014
2013,212,0.0427995,0,2014
2014,212,0.0563953,1,2014
2015,212,0.0115853,1,2014
2016,212,0.066719,1,2014
2017,212,0.0427995,1,2014
2018,212,0.0427995,1,2014
2004,213,NA,0,2015
2005,213,NA,0,2015
2006,213,NA,0,2015
2007,213,NA,0,2015
2008,213,NA,0,2015
2009,213,NA,0,2015
2010,213,NA,0,2015
2011,213,NA,0,2015
2012,213,NA,0,2015
2013,213,NA,0,2015
2014,213,NA,0,2015
2015,213,NA,1,2015
2016,213,NA,1,2015
2017,213,NA,1,2015
2018,213,NA,1,2015
2004,214,0.1210125,0,2015
2005,214,0.1721993,0,2015
2006,214,0.1214862,0,2015
2007,214,0.0994644,0,2015
2008,214,-0.2630836,0,2015
2009,214,0.0933053,0,2015
2010,214,0.6261865,0,2015
2011,214,-0.1236512,0,2015
2012,214,0.4557387,0,2015
2013,214,0.1121433,0,2015
2014,214,0.0148783,0,2015
2015,214,0.1758977,1,2015
2016,214,0.1196355,1,2015
2017,214,-0.0492975,1,2015
2018,214,0.139272,1,2015
2004,215,0.0838868,0,2015
2005,215,0.1197093,0,2015
2006,215,0.0458395,0,2015
2007,215,-0.2630836,0,2015
2008,215,0.0493922,0,2015
2009,215,0.0577596,0,2015
2010,215,0.1678635,0,2015
2011,215,0.4514811,0,2015
2012,215,0.1173632,0,2015
2013,215,0.0192834,0,2015
2014,215,0.0776902,0,2015
2015,215,-0.0405804,1,2015
2016,215,-0.0430818,1,2015
2017,215,0.2557313,1,2015
2018,215,0.1590472,1,2015
2004,216,0.1745598,0,2015
2005,216,0.0282712,0,2015
2006,216,0.3437084,0,2015
2007,216,0.6261865,0,2015
2008,216,0.3382485,0,2015
2009,216,-0.2630836,0,2015
2010,216,0.2689477,0,2015
2011,216,0.6261865,0,2015
2012,216,-0.062824,0,2015
2013,216,-0.2630836,0,2015
2014,216,0.6075622,0,2015
2015,216,-0.1868601,1,2015
2016,216,0.4459186,1,2015
2017,216,-0.2630836,1,2015
2018,216,0.1977423,1,2015
2004,217,0.1131447,0,2013
2005,217,0.0996169,0,2013
2006,217,0.2485482,0,2013
2007,217,0.1324031,0,2013
2008,217,0.129655,0,2013
2009,217,0.1604654,0,2013
2010,217,0.095483,0,2013
2011,217,0.0587268,0,2013
2012,217,0.0991306,0,2013
2013,217,-0.1019259,1,2013
2014,217,0.0748367,1,2013
2015,217,0.0971724,1,2013
2016,217,0.0511221,1,2013
2017,217,0.2366672,1,2013
2018,217,0.2021237,1,2013
2004,218,0.0892421,0,2015
2005,218,0.0544773,0,2015
2006,218,0.0011547,0,2015
2007,218,0.2068281,0,2015
2008,218,0.0493922,0,2015
2009,218,0.0577596,0,2015
2010,218,0.1678635,0,2015
2011,218,0.1165013,0,2015
2012,218,0.0881537,0,2015
2013,218,0.0909643,0,2015
2014,218,0.0402158,0,2015
2015,218,0.0505962,1,2015
2016,218,0.1291685,1,2015
2017,218,0.1070723,1,2015
2018,218,0.0892421,1,2015
2004,219,0.0578224,0,2014
2005,219,-0.2630836,0,2014
2006,219,-0.2630836,0,2014
2007,219,0.1267606,0,2014
2008,219,0.1913625,0,2014
2009,219,0.0726059,0,2014
2010,219,0.1523345,0,2014
2011,219,0.2534677,0,2014
2012,219,-0.0444972,0,2014
2013,219,0.6261865,0,2014
2014,219,0.0990005,1,2014
2015,219,-0.2068165,1,2014
2016,219,0.0040298,1,2014
2017,219,0.0116578,1,2014
2018,219,0.0495882,1,2014
2004,220,-0.0193271,0,2015
2005,220,0.0189771,0,2015
2006,220,-0.2630836,0,2015
2007,220,-0.1848559,0,2015
2008,220,0.0575313,0,2015
2009,220,0.2701299,0,2015
2010,220,0.1752162,0,2015
2011,220,-0.0762475,0,2015
2012,220,-0.0418495,0,2015
2013,220,0.0899433,0,2015
2014,220,-0.0904976,0,2015
2015,220,-0.0584926,1,2015
2016,220,-0.0995537,1,2015
2017,220,-0.1896846,1,2015
2018,220,0.1218883,1,2015
2004,221,0.1227802,0,2014
2005,221,0.0502075,0,2014
2006,221,-0.0665609,0,2014
2007,221,0.2711793,0,2014
2008,221,0.291756,0,2014
2009,221,0.1276329,0,2014
2010,221,0.0992751,0,2014
2011,221,0.1304314,0,2014
2012,221,0,0,2014
2013,221,0.0854765,0,2014
2014,221,0.2103665,1,2014
2015,221,0.1786548,1,2014
2016,221,0,1,2014
2017,221,0.1077356,1,2014
2018,221,0.2327679,1,2014
2004,222,0.0732818,0,2015
2005,222,0.0732818,0,2015
2006,222,0.5724314,0,2015
2007,222,0.000284,0,2015
2008,222,-0.1552534,0,2015
2009,222,-0.0166517,0,2015
2010,222,-0.2593232,0,2015
2011,222,0,0,2015
2012,222,0.0004662,0,2015
2013,222,0.1915191,0,2015
2014,222,-0.1118498,0,2015
2015,222,0.6261865,1,2015
2016,222,0.1526846,1,2015
2017,222,-0.0768253,1,2015
2018,222,0.0289946,1,2015
2004,223,0.0635235,0,2013
2005,223,0.0635243,0,2013
2006,223,0.0728183,0,2013
2007,223,-0.0108553,0,2013
2008,223,0.4994971,0,2013
2009,223,0.0748679,0,2013
2010,223,0.30831,0,2013
2011,223,0.0167715,0,2013
2012,223,0.031768,0,2013
2013,223,-0.2630836,1,2013
2014,223,0.0685596,1,2013
2015,223,-0.0900648,1,2013
2016,223,-0.0065454,1,2013
2017,223,0.023845,1,2013
2018,223,0.099916,1,2013
2004,224,0.1298234,0,2014
2005,224,0.3370088,0,2014
2006,224,-0.0419793,0,2014
2007,224,0.0062265,0,2014
2008,224,-0.0997414,0,2014
2009,224,0.1446598,0,2014
2010,224,0.5519157,0,2014
2011,224,0.0604054,0,2014
2012,224,0.1380074,0,2014
2013,224,0.153862,0,2014
2014,224,0.3361854,1,2014
2015,224,0.0764561,1,2014
2016,224,-0.2630836,1,2014
2017,224,-0.2085817,1,2014
2018,224,0.6261865,1,2014
2004,225,0.1527517,0,2012
2005,225,0.0544773,0,2012
2006,225,0.0011547,0,2012
2007,225,0.6261865,0,2012
2008,225,0.0831936,0,2012
2009,225,-0.0280578,0,2012
2010,225,-0.0131636,0,2012
2011,225,0.1262689,0,2012
2012,225,0.0155982,1,2012
2013,225,0.0482799,1,2012
2014,225,0.0402158,1,2012
2015,225,0.0505962,1,2012
2016,225,0.4998982,1,2012
2017,225,0.0999973,1,2012
2018,225,0.5338787,1,2012
2004,226,0.1343289,0,2015
2005,226,0.102578,0,2015
2006,226,-0.0102872,0,2015
2007,226,0.1684712,0,2015
2008,226,0.2395886,0,2015
2009,226,0.3802136,0,2015
2010,226,0.0743068,0,2015
2011,226,0.1361524,0,2015
2012,226,-0.066235,0,2015
2013,226,0.2229253,0,2015
2014,226,0.0049862,0,2015
2015,226,0.1569436,1,2015
2016,226,0.07475,1,2015
2017,226,0.0764952,1,2015
2018,226,0.3197163,1,2015
2004,227,0.0971063,0,2014
2005,227,0.0544773,0,2014
2006,227,0.0011547,0,2014
2007,227,0.2068281,0,2014
2008,227,0.0493922,0,2014
2009,227,0.0577596,0,2014
2010,227,0.1678635,0,2014
2011,227,0.1165013,0,2014
2012,227,0.0881537,0,2014
2013,227,0.0909643,0,2014
2014,227,0.0402158,1,2014
2015,227,0.0505962,1,2014
2016,227,0.1291685,1,2014
2017,227,0.1070723,1,2014
2018,227,0.1993412,1,2014
2004,228,0.0971063,0,2015
2005,228,0.0544773,0,2015
2006,228,0.0011547,0,2015
2007,228,0.2068281,0,2015
2008,228,0.0493922,0,2015
2009,228,0.0577596,0,2015
2010,228,0.1678635,0,2015
2011,228,0.1165013,0,2015
2012,228,0.0881537,0,2015
2013,228,0.0909643,0,2015
2014,228,0.0402158,0,2015
2015,228,0.0505962,1,2015
2016,228,0.1291685,1,2015
2017,228,0.1070723,1,2015
2018,228,0.1993412,1,2015
2004,229,0.0847531,0,2013
2005,229,-0.1184674,0,2013
2006,229,0.0011547,0,2013
2007,229,0.2068281,0,2013
2008,229,0.0493922,0,2013
2009,229,0.0577596,0,2013
2010,229,0.1678635,0,2013
2011,229,0.1165013,0,2013
2012,229,0.0881537,0,2013
2013,229,0.0909643,1,2013
2014,229,0.0402158,1,2013
2015,229,0.0505962,1,2013
2016,229,0.1291685,1,2013
2017,229,0.1070723,1,2013
2018,229,0.1993412,1,2013
2004,230,0.1366354,0,2017
2005,230,0.1366354,0,2017
2006,230,0.2158273,0,2017
2007,230,0.1366354,0,2017
2008,230,0.1804397,0,2017
2009,230,0.1834156,0,2017
2010,230,0.1072403,0,2017
2011,230,0.0986393,0,2017
2012,230,0.3404414,0,2017
2013,230,0.152767,0,2017
2014,230,0.0996203,0,2017
2015,230,-0.2630836,0,2017
2016,230,0.0460352,0,2017
2017,230,0.6261865,1,2017
2018,230,-0.1479043,1,2017
2004,231,0.1244774,0,2014
2005,231,0.2617103,0,2014
2006,231,0.0015,0,2014
2007,231,0.1058662,0,2014
2008,231,0.0843999,0,2014
2009,231,0.3717735,0,2014
2010,231,-0.0045524,0,2014
2011,231,0.0632622,0,2014
2012,231,0.19,0,2014
2013,231,0.1861089,0,2014
2014,231,0.1016912,1,2014
2015,231,0.1244774,1,2014
2016,231,0.1244774,1,2014
2017,231,0.0366799,1,2014
2018,231,0.0952896,1,2014
2004,232,0.0886167,0,2013
2005,232,-0.043696,0,2013
2006,232,0.1644659,0,2013
2007,232,0.0228357,0,2013
2008,232,0.0493922,0,2013
2009,232,0.0577596,0,2013
2010,232,0.1678635,0,2013
2011,232,0.1165013,0,2013
2012,232,0.0881537,0,2013
2013,232,0.0909643,1,2013
2014,232,0.0402158,1,2013
2015,232,0.0505962,1,2013
2016,232,0.1291685,1,2013
2017,232,0.1070723,1,2013
2018,232,0.1993412,1,2013
2004,233,0.137333,0,2013
2005,233,0.0309524,0,2013
2006,233,0.0011547,0,2013
2007,233,0.2068281,0,2013
2008,233,0.0493922,0,2013
2009,233,0.5114025,0,2013
2010,233,-0.1826673,0,2013
2011,233,0.4969846,0,2013
2012,233,0.08924,0,2013
2013,233,0.3194223,1,2013
2014,233,0.218605,1,2013
2015,233,0.1954804,1,2013
2016,233,0.1194251,1,2013
2017,233,0.1295257,1,2013
2018,233,-0.2630836,1,2013
2004,234,0.101531,0,2014
2005,234,0.4924037,0,2014
2006,234,0.0953951,0,2014
2007,234,-0.2630836,0,2014
2008,234,0.0493922,0,2014
2009,234,0.0577596,0,2014
2010,234,0.2033029,0,2014
2011,234,0.0836184,0,2014
2012,234,0.0881537,0,2014
2013,234,0.0909643,0,2014
2014,234,0.0402158,1,2014
2015,234,0.1065718,1,2014
2016,234,0.0720499,1,2014
2017,234,0.1539328,1,2014
2018,234,0.1507578,1,2014
2004,235,0.0778584,0,2013
2005,235,-0.2630836,0,2013
2006,235,0.0011547,0,2013
2007,235,0.2068281,0,2013
2008,235,0.0493922,0,2013
2009,235,0.0577596,0,2013
2010,235,0.1809681,0,2013
2011,235,0.1200058,0,2013
2012,235,0.0727119,0,2013
2013,235,0.4116512,1,2013
2014,235,0.0009629,1,2013
2015,235,0.0994202,1,2013
2016,235,0.0761719,1,2013
2017,235,0.0760073,1,2013
2018,235,6.75E-05,1,2013
2004,236,0.1632146,0,2015
2005,236,0.0544773,0,2015
2006,236,0.0011547,0,2015
2007,236,0.5485352,0,2015
2008,236,0.1381072,0,2015
2009,236,0.3624084,0,2015
2010,236,0.1436573,0,2015
2011,236,0.0999992,0,2015
2012,236,0.0969567,0,2015
2013,236,0.2948949,0,2015
2014,236,0.2995161,0,2015
2015,236,0.376087,1,2015
2016,236,0.1087326,1,2015
2017,236,0.0235615,1,2015
2018,236,-0.2630836,1,2015
2004,237,0.1410712,0,2017
2005,237,0.1410712,0,2017
2006,237,0.5539488,0,2017
2007,237,0.1410712,0,2017
2008,237,0.3896131,0,2017
2009,237,-0.0301105,0,2017
2010,237,0,0,2017
2011,237,0.0738902,0,2017
2012,237,0.0881537,0,2017
2013,237,0.0909643,0,2017
2014,237,0.0402158,0,2017
2015,237,0.0505962,0,2017
2016,237,0.1291685,0,2017
2017,237,0.1070723,1,2017
2018,237,0.1993412,1,2017
2004,238,0.1026234,0,2016
2005,238,0.1521041,0,2016
2006,238,0.0642323,0,2016
2007,238,0.1026234,0,2016
2008,238,0.1026234,0,2016
2009,238,0.3448179,0,2016
2010,238,0.0487879,0,2016
2011,238,-0.054231,0,2016
2012,238,0.315719,0,2016
2013,238,0.0213873,0,2016
2014,238,0.1124988,0,2016
2015,238,-0.0120621,0,2016
2016,238,-0.0089834,1,2016
2017,238,0.0815742,1,2016
2018,238,0.1656353,1,2016
